{
"skeleton": { "hash": "tq7HexkFK8PxIRU5aRBhkr3FmQM", "spine": "3.7.91", "width": 287.23, "height": 284.31, "images": "", "audio": "" },
"bones": [
	{ "name": "root" },
	{ "name": "scale", "parent": "root", "x": -40.22, "y": 48.98, "scaleX": 0.4, "scaleY": 0.4 },
	{ "name": "bone5", "parent": "scale", "x": 1.42, "y": -109.81, "scaleX": 1.102, "scaleY": 1.102 },
	{
		"name": "bone6",
		"parent": "scale",
		"rotation": -18.19,
		"x": 1.42,
		"y": -104.81,
		"scaleX": 1.102,
		"scaleY": 1.102
	},
	{ "name": "bone9", "parent": "scale", "x": 42.04, "y": 131.92 },
	{ "name": "bone10", "parent": "scale", "x": -71.91, "y": -24.43 },
	{ "name": "bone11", "parent": "scale", "x": 137.44, "y": -42.98 }
],
"slots": [
	{ "name": "1232", "bone": "bone5", "attachment": "1232", "blend": "additive" },
	{ "name": "1233", "bone": "bone6", "attachment": "1232", "blend": "additive" },
	{ "name": "334", "bone": "bone9", "attachment": "334", "blend": "additive" },
	{ "name": "335", "bone": "bone10", "attachment": "334", "blend": "additive" },
	{ "name": "336", "bone": "bone11", "attachment": "334", "blend": "additive" }
],
"skins": {
	"default": {
		"1232": {
			"1232": { "scaleX": 4.45, "scaleY": 4.45, "width": 100, "height": 98 }
		},
		"1233": {
			"1232": { "scaleX": 5.188, "scaleY": 5.188, "width": 100, "height": 98 }
		},
		"334": {
			"334": { "width": 122, "height": 108 }
		},
		"335": {
			"334": { "width": 122, "height": 108 }
		},
		"336": {
			"334": { "width": 122, "height": 108 }
		}
	}
},
"animations": {
	"guangyun": {
		"slots": {
			"334": {
				"color": [
					{ "time": 3.0333, "color": "ffffffff", "curve": "stepped" },
					{ "time": 3.2, "color": "ffffffff" },
					{ "time": 3.7667, "color": "ffffff00" }
				]
			},
			"336": {
				"color": [
					{ "time": 3.0667, "color": "f73507ff" }
				]
			}
		},
		"bones": {
			"bone9": {
				"rotate": [
					{ "time": 0, "angle": 0, "curve": "stepped" },
					{ "time": 3.0333, "angle": 0, "curve": "stepped" },
					{ "time": 6.6, "angle": 0 }
				],
				"translate": [
					{ "time": 0, "x": 0, "y": 0, "curve": "stepped" },
					{ "time": 3.0333, "x": 0, "y": 0, "curve": "stepped" },
					{ "time": 6.6, "x": 0, "y": 0 }
				],
				"scale": [
					{ "time": 0, "x": 0, "y": 0, "curve": "stepped" },
					{ "time": 3.0333, "x": 0, "y": 0 },
					{ "time": 3.2, "x": 2, "y": 2 },
					{ "time": 3.7667, "x": 3, "y": 3 },
					{ "time": 6.6, "x": 0, "y": 0 }
				]
			},
			"bone5": {
				"rotate": [
					{ "time": 0, "angle": 0 },
					{ "time": 3.2667, "angle": 180 },
					{ "time": 6.6, "angle": 0 }
				],
				"translate": [
					{ "time": 0, "x": 0, "y": 0, "curve": "stepped" },
					{ "time": 6.6, "x": 0, "y": 0 }
				],
				"scale": [
					{ "time": 0, "x": 1, "y": 1, "curve": "stepped" },
					{ "time": 6.6, "x": 1, "y": 1 }
				]
			},
			"bone6": {
				"rotate": [
					{ "time": 0, "angle": 0 },
					{ "time": 3.2667, "angle": -71.81 },
					{ "time": 6.6, "angle": 0 }
				],
				"translate": [
					{ "time": 0, "x": 0, "y": 0, "curve": "stepped" },
					{ "time": 6.6, "x": 0, "y": 0 }
				],
				"scale": [
					{ "time": 0, "x": 1.381, "y": 1.381, "curve": "stepped" },
					{ "time": 6.6, "x": 1.381, "y": 1.381 }
				]
			},
			"bone10": {
				"rotate": [
					{ "time": 0, "angle": 0, "curve": "stepped" },
					{ "time": 3.3333, "angle": 0, "curve": "stepped" },
					{ "time": 6.6, "angle": 0 }
				],
				"translate": [
					{ "time": 0, "x": 0, "y": 0, "curve": "stepped" },
					{ "time": 3.3333, "x": 0, "y": 0, "curve": "stepped" },
					{ "time": 6.6, "x": 0, "y": 0 }
				],
				"scale": [
					{ "time": 0, "x": 0, "y": 0 },
					{ "time": 0.1667, "x": 2, "y": 2 },
					{ "time": 0.5667, "x": 0, "y": 0, "curve": "stepped" },
					{ "time": 3.3333, "x": 0, "y": 0 },
					{ "time": 3.5, "x": 2, "y": 2 },
					{ "time": 4.1, "x": 0, "y": 0, "curve": "stepped" },
					{ "time": 6.6, "x": 0, "y": 0 }
				]
			},
			"bone11": {
				"rotate": [
					{ "time": 0, "angle": 0, "curve": "stepped" },
					{ "time": 2.5667, "angle": 0, "curve": "stepped" },
					{ "time": 6.0667, "angle": 0, "curve": "stepped" },
					{ "time": 6.6, "angle": 0 }
				],
				"translate": [
					{ "time": 0, "x": 0, "y": 0, "curve": "stepped" },
					{ "time": 2.5667, "x": 0, "y": 0, "curve": "stepped" },
					{ "time": 6.0667, "x": 0, "y": 0, "curve": "stepped" },
					{ "time": 6.6, "x": 0, "y": 0 }
				],
				"scale": [
					{ "time": 0, "x": 0, "y": 0, "curve": "stepped" },
					{ "time": 2.5667, "x": 0, "y": 0 },
					{ "time": 2.7, "x": 2, "y": 2 },
					{ "time": 3.0667, "x": 0, "y": 0, "curve": "stepped" },
					{ "time": 6.0667, "x": 0, "y": 0 },
					{ "time": 6.2333, "x": 2, "y": 2 },
					{ "time": 6.6, "x": 0, "y": 0 }
				]
			}
		}
	}
}
}