{"skeleton":{"hash":"ZG0NQBOQ3txxmXPgz+avxIzuJao","spine":"3.8.99"},"bones":[{"name":"root"},{"name":"vfx_out","parent":"root","scaleX":2,"scaleY":2},{"name":"slam","parent":"vfx_out","x":-11.47,"y":-17.84},{"name":"glows9","parent":"slam"},{"name":"glow10","parent":"glows9"},{"name":"glow_ray16","parent":"glows9","scaleX":0.2},{"name":"glow_ray17","parent":"glows9","rotation":180,"scaleY":0.2},{"name":"particles9","parent":"slam","rotation":180},{"name":"circles6","parent":"particles9"},{"name":"circle_big6","parent":"circles6"},{"name":"2circle31","parent":"circle_big6","rotation":160},{"name":"circle_156","parent":"2circle31","rotation":30},{"name":"circle157","parent":"circle_156","scaleX":1.6,"scaleY":1.6},{"name":"circle_157","parent":"2circle31","rotation":45},{"name":"circle158","parent":"circle_157","scaleX":1.5,"scaleY":1.5},{"name":"circle_158","parent":"2circle31","rotation":80,"scaleX":0.9,"scaleY":0.9},{"name":"circle159","parent":"circle_158","scaleX":1.4,"scaleY":1.4},{"name":"circle_159","parent":"2circle31","rotation":120},{"name":"circle160","parent":"circle_159"},{"name":"circle_160","parent":"2circle31","rotation":160},{"name":"circle161","parent":"circle_160","scaleX":1.2,"scaleY":1.2},{"name":"2circle32","parent":"circle_big6","rotation":-130},{"name":"circle_161","parent":"2circle32","rotation":30},{"name":"circle162","parent":"circle_161","scaleX":1.6,"scaleY":1.6},{"name":"circle_162","parent":"2circle32","rotation":45},{"name":"circle163","parent":"circle_162","scaleX":1.5,"scaleY":1.5},{"name":"circle_163","parent":"2circle32","rotation":80},{"name":"circle164","parent":"circle_163","scaleX":1.4,"scaleY":1.4},{"name":"circle_164","parent":"2circle32","rotation":120},{"name":"circle165","parent":"circle_164"},{"name":"circle_165","parent":"2circle32","rotation":160},{"name":"circle166","parent":"circle_165","scaleX":1.2,"scaleY":1.2},{"name":"2circle33","parent":"circle_big6"},{"name":"circle_166","parent":"2circle33","rotation":30},{"name":"circle167","parent":"circle_166","scaleX":1.6,"scaleY":1.6},{"name":"circle_167","parent":"2circle33","rotation":45},{"name":"circle168","parent":"circle_167","scaleX":1.5,"scaleY":1.5},{"name":"circle_168","parent":"2circle33","rotation":80},{"name":"circle169","parent":"circle_168","scaleX":1.4,"scaleY":1.4},{"name":"circle_169","parent":"2circle33","rotation":120},{"name":"circle170","parent":"circle_169"},{"name":"circle_170","parent":"2circle33","rotation":160},{"name":"circle171","parent":"circle_170","scaleX":1.2,"scaleY":1.2},{"name":"circle_small6","parent":"circles6","rotation":180,"scaleX":0.9,"scaleY":0.9},{"name":"2circle34","parent":"circle_small6","rotation":160},{"name":"circle_171","parent":"2circle34","rotation":30},{"name":"circle172","parent":"circle_171","scaleX":1.6,"scaleY":1.6},{"name":"circle_172","parent":"2circle34","rotation":45},{"name":"circle_173","parent":"2circle34","rotation":80},{"name":"circle174","parent":"circle_173","scaleX":1.4,"scaleY":1.4},{"name":"circle_174","parent":"2circle34","rotation":120},{"name":"circle_175","parent":"2circle34","rotation":160},{"name":"circle176","parent":"circle_175","scaleX":1.2,"scaleY":1.2},{"name":"2circle35","parent":"circle_small6","rotation":-130},{"name":"circle_176","parent":"2circle35","rotation":30},{"name":"circle_177","parent":"2circle35","rotation":45},{"name":"circle178","parent":"circle_177","scaleX":1.5,"scaleY":1.5},{"name":"circle_178","parent":"2circle35","rotation":80},{"name":"circle_179","parent":"2circle35","rotation":120},{"name":"circle180","parent":"circle_179"},{"name":"circle_180","parent":"2circle35","rotation":160},{"name":"circle181","parent":"circle_180","scaleX":1.2,"scaleY":1.2},{"name":"2circle36","parent":"circle_small6"},{"name":"circle_181","parent":"2circle36","rotation":30},{"name":"circle_182","parent":"2circle36","rotation":45},{"name":"circle_183","parent":"2circle36","rotation":80},{"name":"circle184","parent":"circle_183","scaleX":1.4,"scaleY":1.4},{"name":"circle_184","parent":"2circle36","rotation":120},{"name":"circle_185","parent":"2circle36","rotation":160},{"name":"circle186","parent":"circle_185","scaleX":1.2,"scaleY":1.2},{"name":"aura9","parent":"slam"},{"name":"aura_18","parent":"aura9","scaleX":0.9,"scaleY":0.9},{"name":"ray6","parent":"slam"},{"name":"konfitty","parent":"vfx_out","x":-11.47,"y":-182.29},{"name":"konfitty_spiral","parent":"konfitty"},{"name":"k1_rotate_1","parent":"konfitty_spiral"},{"name":"k1_x1","parent":"k1_rotate_1"},{"name":"k1_y1","parent":"k1_x1"},{"name":"k1_rotate_2","parent":"konfitty_spiral"},{"name":"k1_x2","parent":"k1_rotate_2"},{"name":"k1_y2","parent":"k1_x2"},{"name":"k1_rotate_3","parent":"konfitty_spiral"},{"name":"k1_x3","parent":"k1_rotate_3"},{"name":"k1_y3","parent":"k1_x3","scaleX":0.7192},{"name":"k1_rotate_4","parent":"konfitty_spiral"},{"name":"k1_x4","parent":"k1_rotate_4"},{"name":"k1_y4","parent":"k1_x4","scaleX":0.7192},{"name":"k1_rotate_5","parent":"konfitty_spiral"},{"name":"k1_x5","parent":"k1_rotate_5"},{"name":"k1_y5","parent":"k1_x5"},{"name":"k1_rotate_6","parent":"konfitty_spiral"},{"name":"k1_x6","parent":"k1_rotate_6"},{"name":"k1_y6","parent":"k1_x6"},{"name":"k1_rot1","parent":"k1_y2"},{"name":"k1_rot2","parent":"k1_y3"},{"name":"k1_rot3","parent":"k1_y1"},{"name":"k1_rot4","parent":"k1_y4"},{"name":"k1_rot6","parent":"k1_y5"},{"name":"k1_rot7","parent":"k1_y6"},{"name":"konfitty_krooglishky","parent":"konfitty"},{"name":"k1_rotate_7","parent":"konfitty_krooglishky"},{"name":"k1_x7","parent":"k1_rotate_7"},{"name":"k1_y7","parent":"k1_x7"},{"name":"k1_rot5","parent":"k1_y7"},{"name":"k1_rotate_8","parent":"konfitty_krooglishky"},{"name":"k1_x8","parent":"k1_rotate_8"},{"name":"k1_y8","parent":"k1_x8"},{"name":"k1_rot8","parent":"k1_y8"},{"name":"k1_rotate_9","parent":"konfitty_krooglishky"},{"name":"k1_x9","parent":"k1_rotate_9"},{"name":"k1_y9","parent":"k1_x9","scaleX":0.7192},{"name":"k1_rot9","parent":"k1_y9"},{"name":"k1_rotate_10","parent":"konfitty_krooglishky"},{"name":"k1_x10","parent":"k1_rotate_10"},{"name":"k1_y10","parent":"k1_x10","scaleX":0.7192},{"name":"k1_rot10","parent":"k1_y10"},{"name":"k1_rotate_11","parent":"konfitty_krooglishky"},{"name":"k1_x11","parent":"k1_rotate_11"},{"name":"k1_y11","parent":"k1_x11"},{"name":"k1_rot11","parent":"k1_y11"},{"name":"k1_rotate_12","parent":"konfitty_krooglishky"},{"name":"k1_x12","parent":"k1_rotate_12"},{"name":"k1_y12","parent":"k1_x12"},{"name":"k1_rot12","parent":"k1_y12"},{"name":"k1_rotate_13","parent":"konfitty_spiral"},{"name":"k1_x13","parent":"k1_rotate_13"},{"name":"k1_y13","parent":"k1_x13"},{"name":"k1_rot13","parent":"k1_y13","rotation":90}],"slots":[{"name":"glow11","bone":"glow10"},{"name":"grab7","bone":"ray6","blend":"additive"},{"name":"glow10","bone":"glow10","blend":"additive"},{"name":"glow_ray16","bone":"glow_ray16","blend":"additive"},{"name":"glow_ray17","bone":"glow_ray17","blend":"additive"},{"name":"k8","bone":"k1_rot5"},{"name":"k1","bone":"k1_rot3"},{"name":"k14","bone":"k1_rot3","blend":"additive"},{"name":"k7","bone":"k1_rot7"},{"name":"k13","bone":"k1_rot12"},{"name":"k3","bone":"k1_rot1"},{"name":"k15","bone":"k1_rot13"},{"name":"k9","bone":"k1_rot8"},{"name":"k6","bone":"k1_rot6"},{"name":"k12","bone":"k1_rot11"},{"name":"k4","bone":"k1_rot2"},{"name":"k10","bone":"k1_rot9"},{"name":"k5","bone":"k1_rot4"},{"name":"k11","bone":"k1_rot10"},{"name":"circle13","bone":"aura_18","blend":"additive"},{"name":"glow9","bone":"glow10","blend":"additive"},{"name":"CFXM_T_WhiteCircleSmall261","bone":"circle172","blend":"additive"},{"name":"CFXM_T_WhiteCircleSmall267","bone":"circle178","blend":"additive"},{"name":"CFXM_T_WhiteCircleSmall263","bone":"circle174","blend":"additive"},{"name":"CFXM_T_WhiteCircleSmall273","bone":"circle184","blend":"additive"},{"name":"CFXM_T_WhiteCircleSmall269","bone":"circle180","blend":"additive"},{"name":"CFXM_T_WhiteCircleSmall265","bone":"circle176","blend":"additive"},{"name":"CFXM_T_WhiteCircleSmall275","bone":"circle186","blend":"additive"},{"name":"CFXM_T_WhiteCircleSmall270","bone":"circle181","blend":"additive"},{"name":"CFXM_T_WhiteCircleSmall246","bone":"circle157","blend":"additive"},{"name":"CFXM_T_WhiteCircleSmall256","bone":"circle167","blend":"additive"},{"name":"CFXM_T_WhiteCircleSmall251","bone":"circle162","blend":"additive"},{"name":"CFXM_T_WhiteCircleSmall247","bone":"circle158","blend":"additive"},{"name":"CFXM_T_WhiteCircleSmall257","bone":"circle168","blend":"additive"},{"name":"CFXM_T_WhiteCircleSmall252","bone":"circle163","blend":"additive"},{"name":"CFXM_T_WhiteCircleSmall248","bone":"circle159","blend":"additive"},{"name":"CFXM_T_WhiteCircleSmall258","bone":"circle169","blend":"additive"},{"name":"CFXM_T_WhiteCircleSmall253","bone":"circle164","blend":"additive"},{"name":"CFXM_T_WhiteCircleSmall249","bone":"circle160","blend":"additive"},{"name":"CFXM_T_WhiteCircleSmall259","bone":"circle170","blend":"additive"},{"name":"CFXM_T_WhiteCircleSmall254","bone":"circle165","blend":"additive"},{"name":"CFXM_T_WhiteCircleSmall250","bone":"circle161","blend":"additive"},{"name":"CFXM_T_WhiteCircleSmall260","bone":"circle171","blend":"additive"},{"name":"CFXM_T_WhiteCircleSmall255","bone":"circle166","blend":"additive"}],"skins":[{"name":"default","attachments":{"CFXM_T_WhiteCircleSmall246":{"sparkle":{"type":"mesh","uvs":[1,1,0,1,0,0,1,0],"triangles":[1,2,3,1,3,0],"vertices":[16.5,-16.5,-16.5,-16.5,-16.5,16.5,16.5,16.5],"hull":4}},"CFXM_T_WhiteCircleSmall247":{"sparkle":{"type":"mesh","uvs":[1,1,0,1,0,0,1,0],"triangles":[1,2,3,1,3,0],"vertices":[16.5,-16.5,-16.5,-16.5,-16.5,16.5,16.5,16.5],"hull":4}},"CFXM_T_WhiteCircleSmall248":{"sparkle":{"type":"mesh","uvs":[1,1,0,1,0,0,1,0],"triangles":[1,2,3,1,3,0],"vertices":[16.5,-16.5,-16.5,-16.5,-16.5,16.5,16.5,16.5],"hull":4}},"CFXM_T_WhiteCircleSmall249":{"sparkle":{"type":"mesh","uvs":[1,1,0,1,0,0,1,0],"triangles":[1,2,3,1,3,0],"vertices":[16.5,-16.5,-16.5,-16.5,-16.5,16.5,16.5,16.5],"hull":4}},"CFXM_T_WhiteCircleSmall250":{"sparkle":{"type":"mesh","uvs":[1,1,0,1,0,0,1,0],"triangles":[1,2,3,1,3,0],"vertices":[16.5,-16.5,-16.5,-16.5,-16.5,16.5,16.5,16.5],"hull":4}},"CFXM_T_WhiteCircleSmall251":{"sparkle":{"type":"mesh","uvs":[1,1,0,1,0,0,1,0],"triangles":[1,2,3,1,3,0],"vertices":[16.5,-16.5,-16.5,-16.5,-16.5,16.5,16.5,16.5],"hull":4}},"CFXM_T_WhiteCircleSmall252":{"sparkle":{"type":"mesh","uvs":[1,1,0,1,0,0,1,0],"triangles":[1,2,3,1,3,0],"vertices":[16.5,-16.5,-16.5,-16.5,-16.5,16.5,16.5,16.5],"hull":4}},"CFXM_T_WhiteCircleSmall253":{"sparkle":{"type":"mesh","uvs":[1,1,0,1,0,0,1,0],"triangles":[1,2,3,1,3,0],"vertices":[16.5,-16.5,-16.5,-16.5,-16.5,16.5,16.5,16.5],"hull":4}},"CFXM_T_WhiteCircleSmall254":{"sparkle":{"type":"mesh","uvs":[1,1,0,1,0,0,1,0],"triangles":[1,2,3,1,3,0],"vertices":[16.5,-16.5,-16.5,-16.5,-16.5,16.5,16.5,16.5],"hull":4}},"CFXM_T_WhiteCircleSmall255":{"sparkle":{"type":"mesh","uvs":[1,1,0,1,0,0,1,0],"triangles":[1,2,3,1,3,0],"vertices":[16.5,-16.5,-16.5,-16.5,-16.5,16.5,16.5,16.5],"hull":4}},"CFXM_T_WhiteCircleSmall256":{"sparkle":{"type":"mesh","uvs":[1,1,0,1,0,0,1,0],"triangles":[1,2,3,1,3,0],"vertices":[16.5,-16.5,-16.5,-16.5,-16.5,16.5,16.5,16.5],"hull":4}},"CFXM_T_WhiteCircleSmall257":{"sparkle":{"type":"mesh","uvs":[1,1,0,1,0,0,1,0],"triangles":[1,2,3,1,3,0],"vertices":[16.5,-16.5,-16.5,-16.5,-16.5,16.5,16.5,16.5],"hull":4}},"CFXM_T_WhiteCircleSmall258":{"sparkle":{"type":"mesh","uvs":[1,1,0,1,0,0,1,0],"triangles":[1,2,3,1,3,0],"vertices":[16.5,-16.5,-16.5,-16.5,-16.5,16.5,16.5,16.5],"hull":4}},"CFXM_T_WhiteCircleSmall259":{"sparkle":{"type":"mesh","uvs":[1,1,0,1,0,0,1,0],"triangles":[1,2,3,1,3,0],"vertices":[16.5,-16.5,-16.5,-16.5,-16.5,16.5,16.5,16.5],"hull":4}},"CFXM_T_WhiteCircleSmall260":{"sparkle":{"type":"mesh","uvs":[1,1,0,1,0,0,1,0],"triangles":[1,2,3,1,3,0],"vertices":[16.5,-16.5,-16.5,-16.5,-16.5,16.5,16.5,16.5],"hull":4}},"CFXM_T_WhiteCircleSmall261":{"CFXM_T_WhiteCircleSmall":{"type":"mesh","color":"ffeddbff","uvs":[1,1,0,1,0,0,1,0],"triangles":[1,2,3,1,3,0],"vertices":[2.1,-3,-2.1,-3,-2.1,3,2.1,3],"hull":4}},"CFXM_T_WhiteCircleSmall263":{"CFXM_T_WhiteCircleSmall":{"type":"mesh","color":"ffeddbff","uvs":[1,1,0,1,0,0,1,0],"triangles":[1,2,3,1,3,0],"vertices":[2.1,-3,-2.1,-3,-2.1,3,2.1,3],"hull":4}},"CFXM_T_WhiteCircleSmall265":{"CFXM_T_WhiteCircleSmall":{"type":"mesh","color":"ffeddbff","uvs":[1,1,0,1,0,0,1,0],"triangles":[1,2,3,1,3,0],"vertices":[2.1,-3,-2.1,-3,-2.1,3,2.1,3],"hull":4}},"CFXM_T_WhiteCircleSmall267":{"CFXM_T_WhiteCircleSmall":{"type":"mesh","color":"ffeddbff","uvs":[1,1,0,1,0,0,1,0],"triangles":[1,2,3,1,3,0],"vertices":[2.1,-3,-2.1,-3,-2.1,3,2.1,3],"hull":4}},"CFXM_T_WhiteCircleSmall269":{"CFXM_T_WhiteCircleSmall":{"type":"mesh","color":"ffeddbff","uvs":[1,1,0,1,0,0,1,0],"triangles":[1,2,3,1,3,0],"vertices":[2.1,-3,-2.1,-3,-2.1,3,2.1,3],"hull":4}},"CFXM_T_WhiteCircleSmall270":{"CFXM_T_WhiteCircleSmall":{"type":"mesh","color":"ffeddbff","uvs":[1,1,0,1,0,0,1,0],"triangles":[1,2,3,1,3,0],"vertices":[2.1,-3,-2.1,-3,-2.1,3,2.1,3],"hull":4}},"CFXM_T_WhiteCircleSmall273":{"CFXM_T_WhiteCircleSmall":{"type":"mesh","color":"ffeddbff","uvs":[1,1,0,1,0,0,1,0],"triangles":[1,2,3,1,3,0],"vertices":[2.1,-3,-2.1,-3,-2.1,3,2.1,3],"hull":4}},"CFXM_T_WhiteCircleSmall275":{"CFXM_T_WhiteCircleSmall":{"type":"mesh","color":"ffeddbff","uvs":[1,1,0,1,0,0,1,0],"triangles":[1,2,3,1,3,0],"vertices":[2.1,-3,-2.1,-3,-2.1,3,2.1,3],"hull":4}},"circle13":{"Ellipse_Rotate":{"type":"mesh","uvs":[1,1,0,1,0,0,1,0],"triangles":[1,2,3,1,3,0],"vertices":[55.03,-50.28,-51.97,-50.28,-51.97,57.72,55.03,57.72],"hull":4}},"glow9":{"glow":{"type":"mesh","uvs":[1,1,0,1,0,0,1,0],"triangles":[1,2,3,1,3,0],"vertices":[31.05,-30.9,-31.05,-30.9,-31.05,30.9,31.05,30.9],"hull":4}},"glow10":{"glow":{"type":"mesh","color":"ff820046","uvs":[1,1,0,1,0,0,1,0],"triangles":[1,2,3,1,3,0],"vertices":[103.5,-103,-103.5,-103,-103.5,103,103.5,103],"hull":4}},"glow11":{"glow":{"type":"mesh","color":"ff820046","uvs":[1,1,0,1,0,0,1,0],"triangles":[1,2,3,1,3,0],"vertices":[129.38,-128.75,-129.37,-128.75,-129.37,128.75,129.38,128.75],"hull":4}},"glow_ray16":{"glow_ray":{"type":"mesh","color":"ff8200ff","uvs":[1,1,0,1,0,0,1,0],"triangles":[1,2,3,1,3,0],"vertices":[103.5,-103,-103.5,-103,-103.5,103,103.5,103],"hull":4}},"glow_ray17":{"glow_ray":{"type":"mesh","color":"ff8200ff","uvs":[1,1,0,1,0,0,1,0],"triangles":[1,2,3,1,3,0],"vertices":[103.5,-103,-103.5,-103,-103.5,103,103.5,103],"hull":4}},"grab7":{"grab":{"type":"mesh","color":"ff8200ff","uvs":[1,1,0,1,0,0,1,0],"triangles":[1,2,3,1,3,0],"vertices":[58,-58,-58,-58,-58,58,58,58],"hull":4}},"k1":{"k1":{"color":"ff5348ff","x":0.5,"y":0.5,"scaleX":1.5,"scaleY":1.5,"rotation":91,"width":100,"height":22}},"k3":{"k1":{"color":"7dff39ff","x":0.5,"y":0.5,"scaleX":1.5,"scaleY":1.5,"rotation":91,"width":100,"height":22}},"k4":{"konfi_1":{"x":-0.34,"y":0.62,"scaleX":1.5,"scaleY":1.5,"rotation":164.74,"width":60,"height":95}},"k5":{"konfi_1":{"x":-0.34,"y":0.62,"scaleX":1.5,"scaleY":1.5,"rotation":164.74,"width":60,"height":95}},"k6":{"k1":{"color":"1fa5ffff","x":0.5,"y":0.5,"scaleX":1.5,"scaleY":1.5,"rotation":91,"width":100,"height":22}},"k7":{"k1":{"color":"ff28d7ff","x":0.5,"y":0.5,"scaleX":1.5,"scaleY":1.5,"rotation":91,"width":100,"height":22}},"k8":{"konfi__kr_1":{"x":0.5,"y":0.5,"rotation":91,"width":39,"height":33}},"k9":{"konfi__kr_2":{"x":0.5,"y":0.5,"rotation":91,"width":41,"height":40}},"k10":{"konfi__kr_3":{"x":-0.34,"y":0.62,"rotation":164.74,"width":41,"height":40}},"k11":{"konfi__kr_1":{"x":-0.34,"y":0.62,"rotation":164.74,"width":39,"height":33}},"k12":{"konfi__kr_3":{"x":0.5,"y":0.5,"rotation":91,"width":41,"height":40}},"k13":{"konfi__kr_2":{"x":0.5,"y":0.5,"rotation":91,"width":41,"height":40}},"k14":{"k1":{"color":"ff5348ff","x":0.5,"y":0.5,"scaleX":1.5,"scaleY":1.5,"rotation":91,"width":100,"height":22}},"k15":{"konfi_2":{"x":0.5,"y":0.5,"scaleX":1.5,"scaleY":1.5,"rotation":91,"width":55,"height":103}}}}],"animations":{"action":{"slots":{"CFXM_T_WhiteCircleSmall246":{"color":[{"color":"ffffff00","curve":0,"c2":0.3,"c3":0},{"time":0.0333,"color":"ffffffff","curve":"stepped"},{"time":0.2333,"color":"ffffffff","curve":0,"c3":0},{"time":0.7667,"color":"ffffff00"}],"attachment":[{"name":"sparkle"}]},"CFXM_T_WhiteCircleSmall247":{"color":[{"color":"ffffff00","curve":0,"c2":0.3,"c3":0},{"time":0.0333,"color":"ffffffff","curve":"stepped"},{"time":0.2333,"color":"ffffffff","curve":0,"c3":0},{"time":0.7,"color":"ffffff00"}],"attachment":[{"name":"sparkle"}]},"CFXM_T_WhiteCircleSmall248":{"color":[{"color":"ffffff00","curve":0,"c2":0.3,"c3":0},{"time":0.0333,"color":"ffffffff","curve":"stepped"},{"time":0.2333,"color":"ffffffff","curve":0,"c3":0},{"time":0.6333,"color":"ffffff00"}],"attachment":[{"name":"sparkle"}]},"CFXM_T_WhiteCircleSmall249":{"color":[{"color":"ffffff00","curve":0,"c2":0.3,"c3":0},{"time":0.0333,"color":"ffffffff","curve":"stepped"},{"time":0.2333,"color":"ffffffff","curve":0,"c3":0},{"time":0.7333,"color":"ffffff00"}],"attachment":[{"name":"sparkle"}]},"CFXM_T_WhiteCircleSmall250":{"color":[{"color":"ffffff00","curve":0,"c2":0.3,"c3":0},{"time":0.0333,"color":"ffffffff","curve":"stepped"},{"time":0.2333,"color":"ffffffff","curve":0,"c3":0},{"time":0.7,"color":"ffffff00"}],"attachment":[{"name":"sparkle"}]},"CFXM_T_WhiteCircleSmall251":{"color":[{"color":"ffffff00","curve":0,"c2":0.3,"c3":0},{"time":0.0333,"color":"ffffffff","curve":"stepped"},{"time":0.2333,"color":"ffffffff","curve":0,"c3":0},{"time":0.7667,"color":"ffffff00"}],"attachment":[{"name":"sparkle"}]},"CFXM_T_WhiteCircleSmall252":{"color":[{"color":"ffffff00","curve":0,"c2":0.3,"c3":0},{"time":0.0333,"color":"ffffffff","curve":"stepped"},{"time":0.2333,"color":"ffffffff","curve":0,"c3":0},{"time":0.7667,"color":"ffffff00"}],"attachment":[{"name":"sparkle"}]},"CFXM_T_WhiteCircleSmall253":{"color":[{"color":"ffffff00","curve":0,"c2":0.3,"c3":0},{"time":0.0333,"color":"ffffffff","curve":"stepped"},{"time":0.2333,"color":"ffffffff","curve":0,"c3":0},{"time":0.6333,"color":"ffffff00"}],"attachment":[{"name":"sparkle"}]},"CFXM_T_WhiteCircleSmall254":{"color":[{"color":"ffffff00","curve":0,"c2":0.3,"c3":0},{"time":0.0333,"color":"ffffffff","curve":"stepped"},{"time":0.2333,"color":"ffffffff","curve":0,"c3":0},{"time":0.7333,"color":"ffffff00"}],"attachment":[{"name":"sparkle"}]},"CFXM_T_WhiteCircleSmall255":{"color":[{"color":"ffffff00","curve":0,"c2":0.3,"c3":0},{"time":0.0333,"color":"ffffffff","curve":"stepped"},{"time":0.2333,"color":"ffffffff","curve":0,"c3":0},{"time":0.7,"color":"ffffff00"}],"attachment":[{"name":"sparkle"}]},"CFXM_T_WhiteCircleSmall256":{"color":[{"color":"ffffff00","curve":0,"c2":0.3,"c3":0},{"time":0.0333,"color":"ffffffff","curve":"stepped"},{"time":0.2333,"color":"ffffffff","curve":0,"c3":0},{"time":0.7667,"color":"ffffff00"}],"attachment":[{"name":"sparkle"}]},"CFXM_T_WhiteCircleSmall257":{"color":[{"color":"ffffff00","curve":0,"c2":0.3,"c3":0},{"time":0.0333,"color":"ffffffff","curve":"stepped"},{"time":0.2333,"color":"ffffffff","curve":0,"c3":0},{"time":0.7,"color":"ffffff00"}],"attachment":[{"name":"sparkle"}]},"CFXM_T_WhiteCircleSmall258":{"color":[{"color":"ffffff00","curve":0,"c2":0.3,"c3":0},{"time":0.0333,"color":"ffffffff","curve":"stepped"},{"time":0.2333,"color":"ffffffff","curve":0,"c3":0},{"time":0.6333,"color":"ffffff00"}],"attachment":[{"name":"sparkle"}]},"CFXM_T_WhiteCircleSmall259":{"color":[{"color":"ffffff00","curve":0,"c2":0.3,"c3":0},{"time":0.0333,"color":"ffffffff","curve":"stepped"},{"time":0.2333,"color":"ffffffff","curve":0,"c3":0},{"time":0.7333,"color":"ffffff00"}],"attachment":[{"name":"sparkle"}]},"CFXM_T_WhiteCircleSmall260":{"color":[{"color":"ffffff00","curve":0,"c2":0.3,"c3":0},{"time":0.0333,"color":"ffffffff","curve":"stepped"},{"time":0.2333,"color":"ffffffff","curve":0,"c3":0},{"time":0.7,"color":"ffffff00"}],"attachment":[{"name":"sparkle"}]},"CFXM_T_WhiteCircleSmall261":{"color":[{"color":"ffffff00","curve":0,"c3":0},{"time":0.0333,"color":"ffffffff","curve":"stepped"},{"time":0.2333,"color":"ffffffff","curve":0,"c3":0},{"time":0.9333,"color":"ffffff00"}],"attachment":[{"name":"CFXM_T_WhiteCircleSmall"}]},"CFXM_T_WhiteCircleSmall263":{"color":[{"color":"ffffff00","curve":0,"c3":0},{"time":0.0333,"color":"ffffffff","curve":"stepped"},{"time":0.2333,"color":"ffffffff","curve":0,"c3":0},{"time":0.8,"color":"ffffff00"}],"attachment":[{"name":"CFXM_T_WhiteCircleSmall"}]},"CFXM_T_WhiteCircleSmall265":{"color":[{"color":"ffffff00","curve":0,"c3":0},{"time":0.0333,"color":"ffffffff","curve":"stepped"},{"time":0.2333,"color":"ffffffff","curve":0,"c3":0},{"time":0.8667,"color":"ffffff00"}],"attachment":[{"name":"CFXM_T_WhiteCircleSmall"}]},"CFXM_T_WhiteCircleSmall267":{"color":[{"color":"ffffff00","curve":0,"c3":0},{"time":0.0333,"color":"ffffffff","curve":"stepped"},{"time":0.2333,"color":"ffffffff","curve":0,"c3":0},{"time":0.9,"color":"ffffff00"}],"attachment":[{"name":"CFXM_T_WhiteCircleSmall"}]},"CFXM_T_WhiteCircleSmall269":{"color":[{"color":"ffffff00","curve":0,"c3":0},{"time":0.0333,"color":"ffffffff","curve":"stepped"},{"time":0.2333,"color":"ffffffff","curve":0,"c3":0},{"time":0.9,"color":"ffffff00"}],"attachment":[{"name":"CFXM_T_WhiteCircleSmall"}]},"CFXM_T_WhiteCircleSmall270":{"color":[{"color":"ffffff00","curve":0,"c3":0},{"time":0.0333,"color":"ffffffff","curve":"stepped"},{"time":0.2333,"color":"ffffffff","curve":0,"c3":0},{"time":0.8667,"color":"ffffff00"}],"attachment":[{"name":"CFXM_T_WhiteCircleSmall"}]},"CFXM_T_WhiteCircleSmall273":{"color":[{"color":"ffffff00","curve":0,"c3":0},{"time":0.0333,"color":"ffffffff","curve":"stepped"},{"time":0.2333,"color":"ffffffff","curve":0,"c3":0},{"time":0.8333,"color":"ffffff00"}],"attachment":[{"name":"CFXM_T_WhiteCircleSmall"}]},"CFXM_T_WhiteCircleSmall275":{"color":[{"color":"ffffff00","curve":0,"c3":0},{"time":0.0333,"color":"ffffffff","curve":"stepped"},{"time":0.2333,"color":"ffffffff","curve":0,"c3":0},{"time":0.8667,"color":"ffffff00"}],"attachment":[{"name":"CFXM_T_WhiteCircleSmall"}]},"circle13":{"color":[{"color":"ffffff00","curve":0,"c3":0},{"time":0.0667,"color":"ffffffff","curve":0,"c3":0.392,"c4":0.98},{"time":0.8,"color":"ffffff00"}],"attachment":[{"name":"Ellipse_Rotate"}]},"glow9":{"color":[{"color":"ffffff00","curve":0,"c3":0},{"time":0.0333,"color":"ffffffff","curve":0.25,"c3":0.75},{"time":0.8,"color":"ffffff00"}],"attachment":[{"name":"glow"}]},"glow10":{"color":[{"color":"ffffff00","curve":0,"c3":0},{"time":0.0333,"color":"ffffffff","curve":0.25,"c3":0.75},{"time":0.9333,"color":"ffffff00"}],"attachment":[{"name":"glow"}]},"glow11":{"color":[{"color":"ffffff00","curve":0,"c3":0},{"time":0.0333,"color":"ffffffff","curve":0.25,"c3":0.75},{"time":0.9333,"color":"ffffff00"}],"attachment":[{"name":"glow"}]},"glow_ray16":{"color":[{"color":"ffffff00","curve":0,"c3":0},{"time":0.0667,"color":"ffffffff","curve":0,"c3":0.309},{"time":0.8,"color":"ffffff00"}],"attachment":[{"name":"glow_ray"}]},"glow_ray17":{"color":[{"color":"ffffff00","curve":0,"c3":0},{"time":0.0667,"color":"ffffffff","curve":0,"c3":0.309},{"time":0.8,"color":"ffffff00"}],"attachment":[{"name":"glow_ray"}]},"grab7":{"color":[{"color":"ffffff00","curve":0,"c3":0},{"time":0.1,"color":"ffffffff","curve":0,"c3":0},{"time":0.9333,"color":"ffffff00"}],"attachment":[{"name":"grab"}]},"k1":{"color":[{"color":"ffffff00"},{"time":0.0667,"color":"ffffffff","curve":"stepped"},{"time":0.4333,"color":"ffffffff"},{"time":0.7,"color":"ffffff00"}],"attachment":[{"name":"k1"}]},"k3":{"color":[{"color":"ffffff00"},{"time":0.0667,"color":"ffffffff","curve":"stepped"},{"time":0.5,"color":"ffffffff"},{"time":0.6333,"color":"ffffff00"}],"attachment":[{"name":"k1"}]},"k4":{"color":[{"color":"ffffff00"},{"time":0.0667,"color":"ffffffff","curve":"stepped"},{"time":0.3667,"color":"ffffffff"},{"time":0.5333,"color":"ffffff00"}],"attachment":[{"name":"konfi_1"}]},"k5":{"color":[{"color":"ffffff00"},{"time":0.0667,"color":"ffffffff","curve":"stepped"},{"time":0.4,"color":"ffffffff"},{"time":0.5333,"color":"ffffff00"}],"attachment":[{"name":"konfi_1"}]},"k6":{"color":[{"color":"ffffff00"},{"time":0.0667,"color":"ffffffff","curve":"stepped"},{"time":0.4667,"color":"ffffffff"},{"time":0.6,"color":"ffffff00"}],"attachment":[{"name":"k1"}]},"k7":{"color":[{"color":"ffffff00"},{"time":0.0667,"color":"ffffffff","curve":"stepped"},{"time":0.4333,"color":"ffffffff"},{"time":0.5667,"color":"ffffff00"}],"attachment":[{"name":"k1"}]},"k8":{"color":[{"color":"ffffff00"},{"time":0.1,"color":"ffffffff","curve":"stepped"},{"time":0.5667,"color":"ffffffff"},{"time":0.8333,"color":"ffffff00"}],"attachment":[{"name":"konfi__kr_1"}]},"k9":{"color":[{"color":"ffffff00"},{"time":0.1,"color":"ffffffff","curve":"stepped"},{"time":0.6333,"color":"ffffffff"},{"time":0.8,"color":"ffffff00"}],"attachment":[{"name":"konfi__kr_2"}]},"k10":{"color":[{"color":"ffffff00"},{"time":0.1,"color":"ffffffff","curve":"stepped"},{"time":0.7,"color":"ffffffff"},{"time":0.9,"color":"ffffff00"}],"attachment":[{"name":"konfi__kr_3"}]},"k11":{"color":[{"color":"ffffff00"},{"time":0.1,"color":"ffffffff","curve":"stepped"},{"time":0.5,"color":"ffffffff"},{"time":0.6667,"color":"ffffff00"}],"attachment":[{"name":"konfi__kr_1"}]},"k12":{"color":[{"color":"ffffff00"},{"time":0.1,"color":"ffffffff","curve":"stepped"},{"time":0.6,"color":"ffffffff"},{"time":0.7667,"color":"ffffff00"}],"attachment":[{"name":"konfi__kr_3"}]},"k13":{"color":[{"color":"ffffff00"},{"time":0.1,"color":"ffffffff","curve":"stepped"},{"time":0.5667,"color":"ffffffff"},{"time":0.7333,"color":"ffffff00"}],"attachment":[{"name":"konfi__kr_2"}]},"k14":{"color":[{"color":"ffffff00"},{"time":0.0667,"color":"ffffffff","curve":"stepped"},{"time":0.4333,"color":"ffffffff"},{"time":0.7,"color":"ffffff00"}],"attachment":[{"name":"k1"}]},"k15":{"color":[{"color":"ffffff00"},{"time":0.0667,"color":"ffffffff","curve":"stepped"},{"time":0.5,"color":"ffffffff"},{"time":0.6333,"color":"ffffff00"}],"attachment":[{"name":"konfi_2"}]}},"bones":{"k1_rot2":{"scale":[{"curve":0.25,"c3":0.75},{"time":0.0667,"x":-1,"curve":0.25,"c3":0.75},{"time":0.5333}]},"glow10":{"scale":[{"x":0,"y":0,"curve":0,"c3":0},{"time":0.2,"x":2,"y":2}]},"k1_rot12":{"scale":[{"curve":0.25,"c3":0.75},{"time":0.1333,"x":-1,"curve":0.25,"c3":0.75},{"time":0.7333}]},"k1_rot1":{"scale":[{"curve":0.25,"c3":0.75},{"time":0.0667,"x":-1,"curve":0.25,"c3":0.75},{"time":0.1333,"curve":0.25,"c3":0.75},{"time":0.4333,"x":-1,"curve":0.25,"c3":0.75},{"time":0.6333}]},"k1_rot10":{"scale":[{"curve":0.647,"c3":0.75},{"time":0.4333,"x":-1,"curve":0.647,"c3":0.75},{"time":0.6667}]},"k1_rot9":{"scale":[{"curve":0.25,"c3":0.75},{"time":0.1,"x":-1,"curve":0,"c3":0.393},{"time":0.9}]},"k1_rot13":{"scale":[{"curve":0.25,"c3":0.75},{"time":0.0667,"x":-1,"curve":0.25,"c3":0.75},{"time":0.6333}]},"k1_rot3":{"scale":[{"curve":0.25,"c3":0.75},{"time":0.1333,"x":-1,"curve":0.25,"c3":0.75},{"time":0.2667,"curve":0.25,"c3":0.75},{"time":0.3667,"x":-1,"curve":0.25,"c3":0.75},{"time":0.7}]},"circle171":{"translate":[{"curve":0,"c2":0.3,"c3":0},{"time":0.5,"y":68.34}],"scale":[{"x":0.858,"y":0.858,"curve":0,"c2":0.3,"c3":0},{"time":0.5,"x":0.33,"y":0.33}]},"circle172":{"translate":[{"curve":0,"c3":0},{"time":0.9,"y":50.65}],"scale":[{"curve":0,"c3":0},{"time":0.7667,"x":0.5,"y":0.5}]},"circle174":{"translate":[{"curve":0,"c3":0},{"time":0.7333,"y":76.89}],"scale":[{"curve":0,"c3":0},{"time":0.5667,"x":0.5,"y":0.5}]},"k1_rot7":{"scale":[{"curve":0.25,"c3":0.75},{"time":0.1,"x":-1,"curve":0.25,"c3":0.75},{"time":0.5667}]},"circle176":{"translate":[{"curve":0,"c3":0},{"time":0.8,"y":68.34}],"scale":[{"curve":0,"c3":0},{"time":0.6333,"x":0.5,"y":0.5}]},"circle159":{"translate":[{"curve":0,"c2":0.3,"c3":0},{"time":0.4667,"y":76.89}],"scale":[{"x":0.858,"y":0.858,"curve":0,"c2":0.3,"c3":0},{"time":0.4667,"x":0.302,"y":0.302}]},"circle178":{"translate":[{"curve":0,"c3":0},{"time":0.8333,"y":78.01}],"scale":[{"curve":0,"c3":0},{"time":0.7,"x":0.5,"y":0.5}]},"circle157":{"translate":[{"curve":0,"c2":0.3,"c3":0},{"time":0.5667,"y":50.65}],"scale":[{"x":0.858,"y":0.858,"curve":0,"c2":0.3,"c3":0},{"time":0.5667,"x":0.274,"y":0.274}]},"circle180":{"translate":[{"curve":0,"c3":0},{"time":0.8667,"y":52.78}],"scale":[{"curve":0,"c3":0},{"time":0.7333,"x":0.5,"y":0.5}]},"k1_rot8":{"scale":[{"curve":0.25,"c3":0.75},{"time":0.1,"x":-1,"curve":0.25,"c3":0.75},{"time":0.1667,"curve":0.25,"c3":0.75},{"time":0.5667,"x":-1,"curve":0.25,"c3":0.75},{"time":0.8}]},"k1_rot5":{"scale":[{"curve":0.25,"c3":0.75},{"time":0.1667,"x":-1,"curve":0.25,"c3":0.75},{"time":0.3,"curve":0.25,"c3":0.75},{"time":0.4667,"x":-1,"curve":0.25,"c3":0.75},{"time":0.8333}]},"k1_rot6":{"scale":[{"curve":0.25,"c3":0.75},{"time":0.2,"x":-1,"curve":0.25,"c3":0.75},{"time":0.6}]},"k1_rot4":{"scale":[{"curve":0.647,"c3":0.75},{"time":0.3333,"x":-1,"curve":0.647,"c3":0.75},{"time":0.5333}]},"k1_rot11":{"scale":[{"curve":0.25,"c3":0.75},{"time":0.2667,"x":-1,"curve":0.25,"c3":0.75},{"time":0.7667}]},"ray6":{"rotate":[{"curve":0,"c3":0},{"time":0.9,"angle":45}],"translate":[{"y":6.8}],"scale":[{"x":0,"y":0,"curve":0.08,"c3":0},{"time":0.5333,"x":4,"y":4}]},"circle160":{"translate":[{"curve":0,"c2":0.3,"c3":0},{"time":0.5333,"x":-5.14,"y":66.19}],"scale":[{"x":0.858,"y":0.858,"curve":0,"c2":0.3,"c3":0},{"time":0.5333,"x":0.358,"y":0.358}]},"aura_18":{"rotate":[{"angle":30,"curve":0,"c3":0.75},{"time":0.7,"angle":-10}],"scale":[{"x":0,"y":0,"curve":0,"c2":0.6,"c3":0.146},{"time":0.6,"x":2.111,"y":2.111}]},"circle170":{"translate":[{"curve":0,"c2":0.3,"c3":0},{"time":0.5333,"y":52.78}],"scale":[{"x":0.858,"y":0.858,"curve":0,"c2":0.3,"c3":0},{"time":0.5333,"x":0.358,"y":0.358}]},"circle158":{"translate":[{"curve":0,"c2":0.3,"c3":0},{"time":0.5,"y":78.01}],"scale":[{"x":0.858,"y":0.858,"curve":0,"c2":0.3,"c3":0},{"time":0.5,"x":0.288,"y":0.288}]},"glow_ray17":{"rotate":[{"curve":0,"c3":0},{"time":0.9333,"angle":30}],"scale":[{"x":0,"y":0,"curve":0,"c2":0.3,"c3":0},{"time":0.3,"x":2.5,"y":2}]},"glow_ray16":{"rotate":[{"curve":0,"c3":0},{"time":0.9333,"angle":30}],"scale":[{"x":0,"y":0,"curve":0,"c2":0.3,"c3":0},{"time":0.3,"x":2,"y":2.5}]},"circle186":{"translate":[{"curve":0,"c3":0},{"time":0.8,"y":68.34}],"scale":[{"curve":0,"c3":0},{"time":0.6333,"x":0.5,"y":0.5}]},"circle184":{"translate":[{"curve":0,"c3":0},{"time":0.7667,"y":76.89}],"scale":[{"curve":0,"c3":0},{"time":0.6,"x":0.5,"y":0.5}]},"circle169":{"translate":[{"curve":0,"c2":0.3,"c3":0},{"time":0.4667,"y":71.04}],"scale":[{"x":0.858,"y":0.858,"curve":0,"c2":0.3,"c3":0},{"time":0.4667,"x":0.302,"y":0.302}]},"circle181":{"translate":[{"curve":0,"c3":0},{"time":0.8,"y":68.34}],"scale":[{"curve":0,"c3":0},{"time":0.6333,"x":0.5,"y":0.5}]},"circle166":{"translate":[{"curve":0,"c2":0.3,"c3":0},{"time":0.5,"y":68.34}],"scale":[{"x":0.858,"y":0.858,"curve":0,"c2":0.3,"c3":0},{"time":0.5,"x":0.33,"y":0.33}]},"circle165":{"translate":[{"curve":0,"c2":0.3,"c3":0},{"time":0.5333,"y":52.78}],"scale":[{"x":0.858,"y":0.858,"curve":0,"c2":0.3,"c3":0},{"time":0.5333,"x":0.358,"y":0.358}]},"circle168":{"translate":[{"curve":0,"c2":0.3,"c3":0},{"time":0.5,"y":78.01}],"scale":[{"x":0.858,"y":0.858,"curve":0,"c2":0.3,"c3":0},{"time":0.5,"x":0.288,"y":0.288}]},"circle167":{"translate":[{"curve":0,"c2":0.3,"c3":0},{"time":0.5667,"y":50.65}],"scale":[{"x":0.858,"y":0.858,"curve":0,"c2":0.3,"c3":0},{"time":0.5667,"x":0.274,"y":0.274}]},"circle162":{"translate":[{"curve":0,"c2":0.3,"c3":0},{"time":0.5667,"y":50.65}],"scale":[{"x":0.858,"y":0.858,"curve":0,"c2":0.3,"c3":0},{"time":0.5667,"x":0.274,"y":0.274}]},"circle161":{"translate":[{"curve":0,"c2":0.3,"c3":0},{"time":0.5,"y":68.34}],"scale":[{"x":0.858,"y":0.858,"curve":0,"c2":0.3,"c3":0},{"time":0.5,"x":0.33,"y":0.33}]},"circle164":{"translate":[{"curve":0,"c2":0.3,"c3":0},{"time":0.4667,"y":76.89}],"scale":[{"x":0.858,"y":0.858,"curve":0,"c2":0.3,"c3":0},{"time":0.4667,"x":0.302,"y":0.302}]},"circle163":{"translate":[{"curve":0,"c2":0.3,"c3":0},{"time":0.6,"y":63.27}],"scale":[{"x":0.858,"y":0.858,"curve":0,"c2":0.3,"c3":0},{"time":0.6,"x":0.288,"y":0.288}]},"circle_177":{"rotate":[{"angle":5.32}]},"vfx_out":{"scale":[{"x":0.5,"y":0.5}]},"k1_y9":{"rotate":[{"curve":0,"c3":0.624},{"time":0.9,"angle":60}],"translate":[{"curve":0,"c3":0},{"time":0.9,"y":365.56}],"scale":[{"x":0.75,"y":0.75,"curve":0,"c3":0.031},{"time":0.1333,"curve":0.25,"c3":0.75},{"time":0.9,"x":0.75,"y":0.75}]},"circle_183":{"rotate":[{"angle":11.18}]},"circle_185":{"rotate":[{"angle":3.86}]},"k1_y1":{"rotate":[{"curve":0,"c2":0.51},{"time":0.7,"angle":67.91}],"translate":[{"curve":0,"c3":0},{"time":0.7,"y":365.56}],"scale":[{"x":0.75,"y":0.75,"curve":0,"c3":0.031},{"time":0.3,"curve":0.677},{"time":0.7,"x":0.75,"y":0.75}]},"k1_y3":{"rotate":[{"curve":0,"c3":0.624},{"time":0.5667,"angle":60}],"translate":[{"curve":0,"c3":0},{"time":0.5667,"y":365.56}],"scale":[{"x":0.626,"y":0.75,"curve":0,"c3":0.589},{"time":0.2667,"curve":0.677},{"time":0.5667,"x":0.75,"y":0.75}]},"k1_y2":{"rotate":[{"curve":0,"c2":0.19,"c3":0.75},{"time":0.6333,"angle":80.97}],"translate":[{"curve":0,"c3":0.131},{"time":0.6333,"y":365.56}],"scale":[{"x":0.75,"y":0.75,"curve":0,"c3":0.031},{"time":0.3667,"curve":0.677},{"time":0.6333,"x":0.75,"y":0.75}]},"k1_y5":{"rotate":[{"angle":25.25,"curve":0,"c3":0.75},{"time":0.6,"angle":60}],"translate":[{"curve":0,"c3":0},{"time":0.6,"x":-83.08,"y":413.52}],"scale":[{"x":0.75,"y":0.75,"curve":0,"c3":0.031},{"time":0.3333,"curve":0.677},{"time":0.6,"x":0.75,"y":0.75}]},"k1_y4":{"rotate":[{"curve":0,"c3":0.624},{"time":0.5333,"angle":60}],"translate":[{"curve":0,"c3":0},{"time":0.5333,"y":365.56}],"scale":[{"x":0.75,"y":0.75,"curve":0,"c3":0.031},{"time":0.3,"curve":0.677},{"time":0.5333,"x":0.75,"y":0.75}]},"k1_y7":{"rotate":[{"curve":0,"c3":0.75},{"time":0.8333,"angle":60}],"translate":[{"curve":0,"c3":0},{"time":0.8333,"x":-23.53,"y":452.09}],"scale":[{"x":0.75,"y":0.75,"curve":0,"c3":0.031},{"time":0.4,"curve":0.677},{"time":0.8333,"x":0.75,"y":0.75}]},"k1_y6":{"rotate":[{"curve":0,"c2":0.25,"c3":0.75},{"time":0.5667,"angle":60}],"translate":[{"curve":0,"c3":0},{"time":0.5667,"y":365.56}],"scale":[{"x":0.75,"y":0.75,"curve":0,"c3":0.031},{"time":0.3,"curve":0.677},{"time":0.5667,"x":0.75,"y":0.75}]},"particles9":{"translate":[{"y":6.8}],"scale":[{"x":1.3,"y":1.3}]},"k1_y11":{"rotate":[{"angle":25.25,"curve":0,"c3":0.75},{"time":0.7667,"angle":60}],"translate":[{"curve":0,"c3":0},{"time":0.7667,"y":365.56}],"scale":[{"x":0.75,"y":0.75,"curve":0,"c3":0.031},{"time":0.4333,"curve":0.677},{"time":0.7667,"x":0.75,"y":0.75}]},"k1_y10":{"rotate":[{"curve":0,"c3":0.624},{"time":0.6667,"angle":60}],"translate":[{"curve":0,"c3":0},{"time":0.6667,"y":365.56}],"scale":[{"x":0.75,"y":0.75,"curve":0,"c3":0.031},{"time":0.3333,"curve":0.677},{"time":0.6667,"x":0.75,"y":0.75}]},"k1_y13":{"rotate":[{"curve":0,"c3":0.75},{"time":0.6333,"angle":60}],"translate":[{"curve":0,"c3":0},{"time":0.6333,"y":365.56}],"scale":[{"x":0.75,"y":0.75,"curve":0,"c3":0.68},{"time":0.3667,"curve":0.677},{"time":0.6333,"x":0.75,"y":0.75}]},"k1_y12":{"rotate":[{"curve":0,"c3":0.75},{"time":0.7333,"angle":60}],"translate":[{"curve":0,"c3":0},{"time":0.7333,"y":365.56}],"scale":[{"x":0.75,"y":0.75,"curve":0,"c3":0.031},{"time":0.4,"curve":0.677},{"time":0.7333,"x":0.75,"y":0.75}]},"k1_x8":{"translate":[{},{"time":0.8,"x":-328.76}]},"k1_x9":{"translate":[{},{"time":0.9,"x":-252.62}]},"k1_x2":{"translate":[{},{"time":0.6333,"x":-373.35}]},"k1_x3":{"translate":[{},{"time":0.5333,"x":-346.72,"y":100.81}]},"k1_x1":{"translate":[{},{"time":0.7,"x":-356.91}]},"k1_x6":{"translate":[{},{"time":0.5667,"x":-252.62}]},"k1_x7":{"translate":[{},{"time":0.8333,"x":-252.62}]},"k1_x4":{"translate":[{},{"time":0.5333,"x":-252.62}]},"k1_x5":{"translate":[{},{"time":0.6,"x":-334.04}]},"k1_rotate_8":{"rotate":[{"angle":15.79}],"translate":[{"x":-28.05,"y":-7.36}],"scale":[{"x":0.9,"y":0.9}]},"k1_rotate_9":{"rotate":[{"angle":44.14}],"scale":[{"x":0.9,"y":0.9}]},"k1_rotate_4":{"rotate":[{"angle":-1.87}],"translate":[{"x":57.87}],"scale":[{"x":-1.1,"y":1.1}]},"k1_rotate_5":{"rotate":[{"angle":25.31}],"translate":[{"x":95.77}],"scale":[{"x":-1}]},"k1_rotate_6":{"rotate":[{"angle":-18.27}],"translate":[{"x":57.87}],"scale":[{"x":-1.4,"y":1.4}]},"k1_rotate_7":{"rotate":[{"angle":-0.51}],"translate":[{"x":-25.5,"y":-6.69}],"scale":[{"x":1.4,"y":1.4}]},"k1_rotate_1":{"rotate":[{"angle":-4.73}],"scale":[{"x":1.4,"y":1.4}]},"k1_rotate_2":{"rotate":[{"angle":10}],"scale":[{"x":0.9,"y":0.9}]},"k1_rotate_3":{"rotate":[{"angle":52.78}],"scale":[{"x":0.9,"y":0.9}]},"glows9":{"translate":[{"y":6.8}]},"k1_x10":{"translate":[{},{"time":0.6667,"x":-252.62}]},"k1_x11":{"translate":[{},{"time":0.7667,"x":-252.62}]},"k1_x12":{"translate":[{},{"time":0.7333,"x":-252.62}]},"k1_x13":{"translate":[{},{"time":0.6333,"x":-252.62}]},"slam":{"scale":[{"x":2.75,"y":2.75}]},"k1_rotate_12":{"rotate":[{"angle":-18.27}],"translate":[{"x":57.87}],"scale":[{"x":-1.4,"y":1.4}]},"k1_rotate_13":{"rotate":[{"angle":-34.28}],"translate":[{"x":58.32,"y":-39.75}],"scale":[{"x":-0.9,"y":0.9}]},"k1_rotate_10":{"rotate":[{"angle":-1.87}],"translate":[{"x":57.87}],"scale":[{"x":-1.1,"y":1.1}]},"k1_rotate_11":{"rotate":[{"angle":25.31}],"translate":[{"x":95.77}],"scale":[{"x":-1}]},"k1_y8":{"rotate":[{"curve":0,"c3":0.75},{"time":0.8,"angle":60}],"translate":[{"curve":0,"c3":0},{"time":0.8,"y":365.56}],"scale":[{"x":0.75,"y":0.75,"curve":0,"c3":0.031},{"time":0.4667,"curve":0.677},{"time":0.8,"x":0.75,"y":0.75}]},"konfitty_krooglishky":{"rotate":[{"angle":14.7}],"scale":[{"x":-1}]},"circle_169":{"rotate":[{"angle":5.43}]},"circle_160":{"rotate":[{"angle":45.31}]},"circle_162":{"rotate":[{"angle":175.27}]},"circle_164":{"rotate":[{"angle":-17.48}]},"circle_165":{"rotate":[{"angle":80.28}]},"circle_167":{"rotate":[{"angle":-0.29}]}}},"action2":{"slots":{"circle13":{"color":[{"color":"ffffff00","curve":0,"c3":0},{"time":0.0667,"color":"ffffffff","curve":0,"c3":0.392,"c4":0.98},{"time":0.8,"color":"ffffff00"}],"attachment":[{"name":"Ellipse_Rotate"}]},"glow9":{"color":[{"color":"ffffff00","curve":0,"c3":0},{"time":0.0333,"color":"ffffffff","curve":0.25,"c3":0.75},{"time":0.8,"color":"ffffff00"}],"attachment":[{"name":"glow"}]},"glow10":{"color":[{"color":"ffffff00","curve":0,"c3":0},{"time":0.0333,"color":"ffffffff","curve":0.25,"c3":0.75},{"time":0.9333,"color":"ffffff00"}],"attachment":[{"name":"glow"}]},"glow11":{"color":[{"color":"ffffff00","curve":0,"c3":0},{"time":0.0333,"color":"ffffffff","curve":0.25,"c3":0.75},{"time":0.9333,"color":"ffffff00"}],"attachment":[{"name":"glow"}]},"glow_ray16":{"color":[{"color":"ffffff00","curve":0,"c3":0},{"time":0.0667,"color":"ffffffff","curve":0,"c3":0.309},{"time":0.8,"color":"ffffff00"}],"attachment":[{"name":"glow_ray"}]},"glow_ray17":{"color":[{"color":"ffffff00","curve":0,"c3":0},{"time":0.0667,"color":"ffffffff","curve":0,"c3":0.309},{"time":0.8,"color":"ffffff00"}],"attachment":[{"name":"glow_ray"}]},"grab7":{"color":[{"color":"ffffff00","curve":0,"c3":0},{"time":0.1,"color":"ffffffff","curve":0,"c3":0},{"time":0.9333,"color":"ffffff00"}],"attachment":[{"name":"grab"}]}},"bones":{"glow10":{"scale":[{"x":0,"y":0,"curve":0,"c3":0},{"time":0.2,"x":2,"y":2}]},"ray6":{"rotate":[{"curve":0,"c3":0},{"time":0.9,"angle":45}],"translate":[{"y":6.8}],"scale":[{"x":0,"y":0,"curve":0.08,"c3":0},{"time":0.5333,"x":4,"y":4}]},"aura_18":{"rotate":[{"angle":30,"curve":0,"c3":0.75},{"time":0.7,"angle":-10}],"scale":[{"x":0,"y":0,"curve":0,"c2":0.6,"c3":0.146},{"time":0.6,"x":2.111,"y":2.111}]},"glow_ray17":{"rotate":[{"curve":0,"c3":0},{"time":0.9333,"angle":30}],"scale":[{"x":0,"y":0,"curve":0,"c2":0.3,"c3":0},{"time":0.3,"x":2.5,"y":2}]},"glow_ray16":{"rotate":[{"curve":0,"c3":0},{"time":0.9333,"angle":30}],"scale":[{"x":0,"y":0,"curve":0,"c2":0.3,"c3":0},{"time":0.3,"x":2,"y":2.5}]},"vfx_out":{"scale":[{"x":0.5,"y":0.5}]},"glows9":{"translate":[{"y":6.8}]},"slam":{"scale":[{"x":2.75,"y":2.75}]}}}}}