{
  "version": "1.1.1",
  "windows": {
    "main": {
      "main": true,
      "url": "app://editor/index.html",
      "windowType": "dockable",
      "x": 0,
      "y": 25,
      "width": 1792,
      "height": 1034,
      "layout": {
        "type": "dock-v",
        "children": [
          {
            "width": 1792,
            "height": 668,
            "type": "dock-h",
            "children": [
              {
                "width": 423,
                "height": 668,
                "type": "panel",
                "active": 0,
                "children": [
                  "assets"
                ]
              },
              {
                "width": 295,
                "height": 668,
                "type": "panel",
                "active": 0,
                "children": [
                  "hierarchy"
                ]
              },
              {
                "width": 709,
                "height": 668,
                "type": "panel",
                "active": 0,
                "children": [
                  "scene"
                ]
              },
              {
                "width": 356,
                "height": 668,
                "type": "panel",
                "active": 0,
                "children": [
                  "inspector",
                  "cocos-services"
                ]
              }
            ]
          },
          {
            "width": 1792,
            "height": 276,
            "type": "panel",
            "active": 0,
            "children": [
              "console"
            ]
          }
        ]
      },
      "panels": [
        "assets",
        "hierarchy",
        "scene",
        "inspector",
        "cocos-services",
        "console"
      ]
    },
    " common-asset-worker-worker": {}
  },
  "panels": {
    "project-settings": {
      "x": 176,
      "y": 122,
      "width": 1440,
      "height": 876
    },
    "builder": {
      "x": 662,
      "y": 25,
      "width": 640,
      "height": 801
    },
    "sprite-editor": {
      "x": 176,
      "y": 160,
      "width": 1440,
      "height": 801
    },
    "i18ns": {
      "x": 0,
      "y": 24,
      "width": 1440,
      "height": 876
    },
    "console": {
      "x": 440,
      "y": 334,
      "width": 1441,
      "height": 877
    },
    "assets-encrypt": {
      "x": 53,
      "y": 25,
      "width": 1440,
      "height": 875
    },
    "preferences": {
      "x": 440,
      "y": 139,
      "width": 584,
      "height": 554
    }
  },
  "panelLabelWidth": {}
}
