{
  "__type__": "cc.BitmapFont",
  "_name": "num",
  "_objFlags": 0,
  "_native": "",
  "fntDataStr": "",
  "spriteFrame": null,
  "fontSize": 40,
  "_fntConfig": {
    "commonHeight": 46,
    "fontSize": 40,
    "atlasName": "Unnamed-3.png",
    "fontDefDictionary": {
      "32": {
        "rect": {
          "x": 0,
          "y": 0,
          "width": 0,
          "height": 0
        },
        "xOffset": 0,
        "yOffset": 0,
        "xAdvance": 12
      },
      "48": {
        "rect": {
          "x": 0,
          "y": 0,
          "width": 19,
          "height": 26
        },
        "xOffset": -1,
        "yOffset": -1,
        "xAdvance": 17
      },
      "49": {
        "rect": {
          "x": 20,
          "y": 0,
          "width": 16,
          "height": 26
        },
        "xOffset": -1,
        "yOffset": -1,
        "xAdvance": 14
      },
      "50": {
        "rect": {
          "x": 37,
          "y": 0,
          "width": 19,
          "height": 26
        },
        "xOffset": -1,
        "yOffset": -1,
        "xAdvance": 17
      },
      "51": {
        "rect": {
          "x": 57,
          "y": 0,
          "width": 19,
          "height": 26
        },
        "xOffset": -1,
        "yOffset": -1,
        "xAdvance": 17
      },
      "52": {
        "rect": {
          "x": 0,
          "y": 27,
          "width": 20,
          "height": 26
        },
        "xOffset": -1,
        "yOffset": -1,
        "xAdvance": 18
      },
      "53": {
        "rect": {
          "x": 0,
          "y": 54,
          "width": 19,
          "height": 26
        },
        "xOffset": -1,
        "yOffset": -1,
        "xAdvance": 17
      },
      "54": {
        "rect": {
          "x": 21,
          "y": 27,
          "width": 19,
          "height": 26
        },
        "xOffset": -1,
        "yOffset": -1,
        "xAdvance": 17
      },
      "55": {
        "rect": {
          "x": 20,
          "y": 54,
          "width": 17,
          "height": 26
        },
        "xOffset": -1,
        "yOffset": -1,
        "xAdvance": 15
      },
      "56": {
        "rect": {
          "x": 41,
          "y": 27,
          "width": 19,
          "height": 26
        },
        "xOffset": -1,
        "yOffset": -1,
        "xAdvance": 17
      },
      "57": {
        "rect": {
          "x": 38,
          "y": 54,
          "width": 18,
          "height": 26
        },
        "xOffset": -1,
        "yOffset": -1,
        "xAdvance": 16
      }
    },
    "kerningDict": {}
  },
  "_fontDefDictionary": null
}