{
  "58ce2235-2ef1-4a6b-98b9-e444d7a5b29b": {
    "asset": 1724742721551,
    "meta": 1724744694118,
    "relativePath": "config"
  },
  "3ece617e-154c-4db0-a324-ba319e5f6fe9": {
    "asset": 1725264974548,
    "meta": 1725330693348,
    "relativePath": "resources"
  },
  "999be4b6-b2d9-4c79-8ac0-7c41efc12212": {
    "asset": 1728888044683,
    "meta": 1728993328717,
    "relativePath": "scene"
  },
  "762f55ec-781c-4f4c-811d-b74acbba4501": {
    "asset": 1725611994017,
    "meta": 1726037897463,
    "relativePath": "script"
  },
  "8561b542-4038-45e4-b795-8a5c533a4521": {
    "asset": 1724742721663,
    "meta": 1724744694123,
    "relativePath": "texture"
  },
  "090b5cca-baf6-4d62-a4d8-a25920478a3e": {
    "asset": 1728904424305,
    "meta": 1728993328719,
    "relativePath": "resources/images"
  },
  "3ebc72b5-5a12-4153-8728-45a14a2c34df": {
    "asset": 1728995040491,
    "meta": 1729269564087,
    "relativePath": "resources/prefab"
  },
  "dd7b1add-db16-4474-9d9d-c2aa12419a89": {
    "asset": 1727333490120,
    "meta": 1728374706620,
    "relativePath": "resources/sounds"
  },
  "0fe60897-0f5a-4aa7-b8d1-8a901a74a401": {
    "asset": 1724742721621,
    "meta": 1724744694135,
    "relativePath": "resources/spine"
  },
  "b15cfefb-876a-4ada-93a5-06d8f300b331": {
    "asset": 1724742721551,
    "meta": 1724744694170,
    "relativePath": "config/allConf.json"
  },
  "a711d7c4-f1c0-44ce-ab0a-1f11eed4c34b": {
    "asset": 1724742721662,
    "meta": 1724744694202,
    "relativePath": "texture/ui_bg_.png"
  },
  "8a5a4489-4aca-4d8e-adcf-feed4f0a2439": {
    "asset": 1724742721662,
    "meta": 1724744694206,
    "relativePath": "texture/shou.png"
  },
  "678d67f7-f00e-4cd2-b73e-0f1ae4319185": {
    "asset": 1724742721628,
    "meta": 1724744694203,
    "relativePath": "resources/spine/guangyun"
  },
  "76b39802-1ddf-4ea1-a68d-27ea74d91453": {
    "asset": 1724742721619,
    "meta": 1724744694213,
    "relativePath": "resources/spine/get_1.atlas"
  },
  "dcb4d678-c401-4b4e-9ac3-62dcb5a5637d": {
    "asset": 1724742721620,
    "meta": 1724744694238,
    "relativePath": "resources/spine/get_1.png"
  },
  "d37e9cf0-8772-4542-beb9-2f119cdfc565": {
    "asset": 1724742721621,
    "meta": 1724744695512,
    "relativePath": "resources/spine/guangyun/guangyun.atlas"
  },
  "9bed914a-d6a9-45a6-99a7-e44a0bdf395c": {
    "asset": 1724742721619,
    "meta": 1724744695563,
    "relativePath": "resources/spine/get_1.json"
  },
  "7069af6b-ac19-4c9d-bf71-b35dd331caf1": {
    "asset": 1724742721627,
    "meta": 1724744695530,
    "relativePath": "resources/spine/guangyun/guangyun.png"
  },
  "69a9330b-dfea-44c8-9771-330f4d96cb99": {
    "asset": 1724742721624,
    "meta": 1724744695584,
    "relativePath": "resources/spine/guangyun/guangyun.json"
  },
  "0af8d08f-1998-46bc-8d21-8777c8042acf": {
    "asset": 1724742721613,
    "meta": 1724744695518,
    "relativePath": "resources/sounds/click.mp3"
  },
  "df2fc3df-a0e8-4701-aad6-566a0f5c85df": {
    "asset": 1724742721618,
    "meta": 1724744695526,
    "relativePath": "resources/sounds/rise_1.mp3"
  },
  "b0d48c63-6ad3-436f-87d0-e9441c78f5e1": {
    "asset": 1724742721614,
    "meta": 1724744695520,
    "relativePath": "resources/sounds/error.mp3"
  },
  "cce56728-0951-4cc4-940f-26070e5e2acf": {
    "asset": 1724742721613,
    "meta": 1724744694146,
    "relativePath": "resources/prefab/merge"
  },
  "6d62cf98-62e0-4da9-a150-ee77a1d51351": {
    "asset": 1724742721612,
    "meta": 1724744694776,
    "relativePath": "resources/prefab/merge/slot.prefab"
  },
  "786f6649-7137-40fb-862e-0c3ad2711938": {
    "asset": 1724742721610,
    "meta": 1724744694754,
    "relativePath": "resources/prefab/merge/coin.prefab"
  },
  "9836134e-b892-4283-b6b2-78b5acf3ed45": {
    "asset": 1705976614000,
    "meta": 1728887395579,
    "relativePath": "effects"
  },
  "430eccbf-bf2c-4e6e-8c0c-884bbb487f32": {
    "asset": 1705976614000,
    "meta": 1728887395616,
    "relativePath": "effects/__builtin-editor-gizmo-line.effect"
  },
  "6c5cf6e1-b044-4eac-9431-835644d57381": {
    "asset": 1705976614000,
    "meta": 1728887395629,
    "relativePath": "effects/__builtin-editor-gizmo-unlit.effect"
  },
  "115286d1-2e10-49ee-aab4-341583f607e8": {
    "asset": 1705976614000,
    "meta": 1728887395667,
    "relativePath": "effects/__builtin-editor-gizmo.effect"
  },
  "abc2cb62-7852-4525-a90d-d474487b88f2": {
    "asset": 1705976614000,
    "meta": 1728887395795,
    "relativePath": "effects/builtin-phong.effect"
  },
  "e2f00085-c597-422d-9759-52c360279106": {
    "asset": 1705976614000,
    "meta": 1728887395890,
    "relativePath": "effects/builtin-toon.effect"
  },
  "f8e6b000-5643-4b86-9080-aa680ce1f599": {
    "asset": 1705976614000,
    "meta": 1728887395580,
    "relativePath": "image"
  },
  "edd215b9-2796-4a05-aaf5-81f96c9281ce": {
    "asset": 1705976614000,
    "meta": 1728887395930,
    "relativePath": "image/default_editbox_bg.png"
  },
  "e851e89b-faa2-4484-bea6-5c01dd9f06e2": {
    "asset": 1705976614000,
    "meta": 1728887395922,
    "relativePath": "image/default_btn_normal.png"
  },
  "71561142-4c83-4933-afca-cb7a17f67053": {
    "asset": 1705976614000,
    "meta": 1728887395920,
    "relativePath": "image/default_btn_disabled.png"
  },
  "b43ff3c2-02bb-4874-81f7-f2dea6970f18": {
    "asset": 1705976614000,
    "meta": 1728887395924,
    "relativePath": "image/default_btn_pressed.png"
  },
  "5c3eedba-6c41-4c0c-9ba7-d91f813cbd1c": {
    "asset": 1705976614000,
    "meta": 1728887395581,
    "relativePath": "materials"
  },
  "4bab67cb-18e6-4099-b840-355f0473f890": {
    "asset": 1705976614000,
    "meta": 1728887395942,
    "relativePath": "image/default_scrollbar_bg.png"
  },
  "fc09f9bd-2cce-4605-b630-8145ef809ed6": {
    "asset": 1705976614000,
    "meta": 1728887395582,
    "relativePath": "misc"
  },
  "0291c134-b3da-4098-b7b5-e397edbe947f": {
    "asset": 1705976614000,
    "meta": 1728887395940,
    "relativePath": "image/default_scrollbar.png"
  },
  "d81ec8ad-247c-4e62-aa3c-d35c4193c7af": {
    "asset": 1705976614000,
    "meta": 1728887395934,
    "relativePath": "image/default_panel.png"
  },
  "600301aa-3357-4a10-b086-84f011fa32ba": {
    "asset": 1705976614000,
    "meta": 1728887395944,
    "relativePath": "image/default-particle.png"
  },
  "db019bf7-f71c-4111-98cf-918ea180cb48": {
    "asset": 1705976614000,
    "meta": 1728887395583,
    "relativePath": "model"
  },
  "e39e96e6-6f6e-413f-bcf1-ac7679bb648a": {
    "asset": 1705976614000,
    "meta": 1728887395943,
    "relativePath": "model/prefab"
  },
  "9d60001f-b5f4-4726-a629-2659e3ded0b8": {
    "asset": 1705976614000,
    "meta": 1728887395938,
    "relativePath": "image/default_radio_button_on.png"
  },
  "c4480a0a-6ac5-443f-8b40-361a14257fc8": {
    "asset": 1705976614000,
    "meta": 1728887396745,
    "relativePath": "materials/builtin-phong.mtl"
  },
  "a87cc147-01b2-43f8-8e42-a7ca90b0c757": {
    "asset": 1705976614000,
    "meta": 1728887396431,
    "relativePath": "model/prefab/box.prefab"
  },
  "fe1417b6-fe6b-46a4-ae7c-9fd331f33a2a": {
    "asset": 1705976614000,
    "meta": 1728887396432,
    "relativePath": "model/prefab/capsule.prefab"
  },
  "cfef78f1-c8df-49b7-8ed0-4c953ace2621": {
    "asset": 1705976614000,
    "meta": 1728887395928,
    "relativePath": "image/default_progressbar.png"
  },
  "99170b0b-d210-46f1-b213-7d9e3f23098a": {
    "asset": 1705976614000,
    "meta": 1728887395926,
    "relativePath": "image/default_progressbar_bg.png"
  },
  "567dcd80-8bf4-4535-8a5a-313f1caf078a": {
    "asset": 1705976614000,
    "meta": 1728887395936,
    "relativePath": "image/default_radio_button_off.png"
  },
  "b5fc2cf2-7942-483d-be1f-bbeadc4714ad": {
    "asset": 1705976614000,
    "meta": 1728887396445,
    "relativePath": "model/prefab/cone.prefab"
  },
  "f6e6dd15-71d1-4ffe-ace7-24fd39942c05": {
    "asset": 1705976614000,
    "meta": 1728887395584,
    "relativePath": "obsolete"
  },
  "0275e94c-56a7-410f-bd1a-fc7483f7d14a": {
    "asset": 1705976614000,
    "meta": 1728887396345,
    "relativePath": "image/default_sprite_splash.png"
  },
  "617323dd-11f4-4dd3-8eec-0caf6b3b45b9": {
    "asset": 1705976614000,
    "meta": 1728887396350,
    "relativePath": "image/default_scrollbar_vertical_bg.png"
  },
  "f743d2b6-b7ea-4c14-a55b-547ed4d0a045": {
    "asset": 1705976614000,
    "meta": 1728887395585,
    "relativePath": "particle"
  },
  "6e056173-d285-473c-b206-40a7fff5386e": {
    "asset": 1705976614000,
    "meta": 1728887396357,
    "relativePath": "image/default_sprite.png"
  },
  "d6d3ca85-4681-47c1-b5dd-d036a9d39ea2": {
    "asset": 1705976614000,
    "meta": 1728887396348,
    "relativePath": "image/default_scrollbar_vertical.png"
  },
  "ae6c6c98-11e4-452f-8758-75f5c6a56e83": {
    "asset": 1705976614000,
    "meta": 1728887395586,
    "relativePath": "prefab"
  },
  "d29077ba-1627-4a72-9579-7b56a235340c": {
    "asset": 1705976614000,
    "meta": 1728887396361,
    "relativePath": "image/default_toggle_normal.png"
  },
  "1c5e4038-953a-44c2-b620-0bbfc6170477": {
    "asset": 1705976614000,
    "meta": 1728887396491,
    "relativePath": "model/prefab/cylinder.prefab"
  },
  "2be36297-9abb-4fee-8049-9ed5e271da8a": {
    "asset": 1705976614000,
    "meta": 1728887396366,
    "relativePath": "misc/default_video.mp4"
  },
  "b181c1e4-0a72-4a91-bfb0-ae6f36ca60bd": {
    "asset": 1705976614000,
    "meta": 1728887396364,
    "relativePath": "image/default_toggle_pressed.png"
  },
  "3f376125-a699-40ca-ad05-04d662eaa1f2": {
    "asset": 1705976614000,
    "meta": 1728887396515,
    "relativePath": "model/prefab/plane.prefab"
  },
  "6c9ef10d-b479-420b-bfe6-39cdda6a8ae0": {
    "asset": 1705976614000,
    "meta": 1728887396674,
    "relativePath": "model/prefab/quad.prefab"
  },
  "2d9a4b85-b0ab-4c46-84c5-18f393ab2058": {
    "asset": 1705976614000,
    "meta": 1728887396677,
    "relativePath": "model/prefab/sphere.prefab"
  },
  "73a0903d-d80e-4e3c-aa67-f999543c08f5": {
    "asset": 1705976614000,
    "meta": 1728887396359,
    "relativePath": "image/default_toggle_checkmark.png"
  },
  "de510076-056b-484f-b94c-83bef217d0e1": {
    "asset": 1705976614000,
    "meta": 1728887396675,
    "relativePath": "model/prefab/torus.prefab"
  },
  "897ef7a1-4860-4f64-968d-f5924b18668a": {
    "asset": 1705976614000,
    "meta": 1728887396370,
    "relativePath": "prefab/2d-camera.prefab"
  },
  "a3ee0214-b432-4865-9666-4a3211814282": {
    "asset": 1705976614000,
    "meta": 1728887396371,
    "relativePath": "prefab/light"
  },
  "c25b9d50-c8fc-4d27-beeb-6e7c1f2e5c0f": {
    "asset": 1705976614000,
    "meta": 1728887396355,
    "relativePath": "image/default_toggle_disabled.png"
  },
  "70d7cdb0-04cd-41bb-9480-c06a4785f386": {
    "asset": 1705976614000,
    "meta": 1728887396374,
    "relativePath": "prefab/3d-camera.prefab"
  },
  "70bbeb73-6dc2-4ee4-8faf-76b3a0e34ec4": {
    "asset": 1705976614000,
    "meta": 1728887396379,
    "relativePath": "prefab/3d-particle.prefab"
  },
  "972b9a4d-47ee-4c74-b5c3-61d8a69bc29f": {
    "asset": 1705976614000,
    "meta": 1728887396383,
    "relativePath": "prefab/button.prefab"
  },
  "ed88f13d-fcad-4848-aa35-65a2cb973584": {
    "asset": 1705976614000,
    "meta": 1728887396377,
    "relativePath": "prefab/3d-stage.prefab"
  },
  "2c937608-2562-40ea-b264-7395df6f0cea": {
    "asset": 1705976614000,
    "meta": 1728887396384,
    "relativePath": "prefab/canvas.prefab"
  },
  "61aeb05b-3b32-452b-8eed-2b76deeed554": {
    "asset": 1705976614000,
    "meta": 1728887396388,
    "relativePath": "prefab/editbox.prefab"
  },
  "27756ebb-3d33-44b0-9b96-e858fadd4dd4": {
    "asset": 1705976614000,
    "meta": 1728887396390,
    "relativePath": "prefab/label.prefab"
  },
  "785a442c-3ceb-45be-a46e-7317f625f3b9": {
    "asset": 1705976614000,
    "meta": 1728887396392,
    "relativePath": "prefab/layout.prefab"
  },
  "ca8401fe-ad6e-41a8-bd46-8e3e4e9945be": {
    "asset": 1705976614000,
    "meta": 1728887396400,
    "relativePath": "prefab/pageview.prefab"
  },
  "5965ffac-69da-4b55-bcde-9225d0613c28": {
    "asset": 1705976614000,
    "meta": 1728887396397,
    "relativePath": "prefab/progressBar.prefab"
  },
  "cd33edea-55f5-46c2-958d-357a01384a36": {
    "asset": 1705976614000,
    "meta": 1728887396395,
    "relativePath": "prefab/particlesystem.prefab"
  },
  "32044bd2-481f-4cf1-a656-e2b2fb1594eb": {
    "asset": 1705976614000,
    "meta": 1728887396402,
    "relativePath": "prefab/scrollview.prefab"
  },
  "4a37dd57-78cd-4cec-aad4-f11a73d12b63": {
    "asset": 1705976614000,
    "meta": 1728887396399,
    "relativePath": "prefab/richtext.prefab"
  },
  "0004d1cf-a0ad-47d8-ab17-34d3db9d35a3": {
    "asset": 1705976614000,
    "meta": 1728887396408,
    "relativePath": "prefab/slider.prefab"
  },
  "96083d03-c332-4a3f-9386-d03e2d19e8ee": {
    "asset": 1705976614000,
    "meta": 1728887396404,
    "relativePath": "prefab/sprite.prefab"
  },
  "1f55e3be-b89b-4b79-88de-47fd31018044": {
    "asset": 1705976614000,
    "meta": 1728887396414,
    "relativePath": "prefab/sprite_splash.prefab"
  },
  "7de03a80-4457-438d-95a7-3e7cdffd6086": {
    "asset": 1705976614000,
    "meta": 1728887396416,
    "relativePath": "prefab/tiledmap.prefab"
  },
  "d8afc78c-4eac-4a9f-83dd-67bc70344d33": {
    "asset": 1705976614000,
    "meta": 1728887395587,
    "relativePath": "resources"
  },
  "294c1663-4adf-4a1e-a795-53808011a38a": {
    "asset": 1705976614000,
    "meta": 1728887396403,
    "relativePath": "resources/effects"
  },
  "0e42ba95-1fa1-46aa-b2cf-143cd1bcee2c": {
    "asset": 1705976614000,
    "meta": 1728887396421,
    "relativePath": "prefab/tiledtile.prefab"
  },
  "bbee2217-c261-49bd-a8ce-708d6bcc3500": {
    "asset": 1705976614000,
    "meta": 1728887396405,
    "relativePath": "resources/materials"
  },
  "8a96b965-2dc0-4e03-aa90-3b79cb93b5b4": {
    "asset": 1705976614000,
    "meta": 1728887396381,
    "relativePath": "obsolete/atom.png"
  },
  "30682f87-9f0d-4f17-8a44-72863791461b": {
    "asset": 1705976614000,
    "meta": 1728887396444,
    "relativePath": "resources/effects/builtin-2d-graphics.effect"
  },
  "144c3297-af63-49e8-b8ef-1cfa29b3be28": {
    "asset": 1705976614000,
    "meta": 1728887396455,
    "relativePath": "resources/effects/builtin-2d-gray-sprite.effect"
  },
  "0d784963-d024-4ea6-a7db-03be0ad63010": {
    "asset": 1705976614000,
    "meta": 1728887396423,
    "relativePath": "prefab/toggle.prefab"
  },
  "f18742d7-56d2-4eb5-ae49-2d9d710b37c8": {
    "asset": 1705976614000,
    "meta": 1728887396473,
    "relativePath": "resources/effects/builtin-2d-label.effect"
  },
  "d0a82d39-bede-46c4-b698-c81ff0dedfff": {
    "asset": 1705976614000,
    "meta": 1728887396393,
    "relativePath": "particle/atom.png"
  },
  "bf0a434c-84dd-4a8e-a08a-7a36f180cc75": {
    "asset": 1705976614000,
    "meta": 1728887396426,
    "relativePath": "prefab/toggleContainer.prefab"
  },
  "0e93aeaa-0b53-4e40-b8e0-6268b4e07bd7": {
    "asset": 1705976614000,
    "meta": 1728887396489,
    "relativePath": "resources/effects/builtin-2d-spine.effect"
  },
  "d1b8be49-b0a0-435c-83b7-552bed4bbe35": {
    "asset": 1705976614000,
    "meta": 1728887396425,
    "relativePath": "prefab/toggleGroup.prefab"
  },
  "2874f8dd-416c-4440-81b7-555975426e93": {
    "asset": 1705976614000,
    "meta": 1728887396512,
    "relativePath": "resources/effects/builtin-2d-sprite.effect"
  },
  "232d2782-c4bd-4bb4-9e01-909f03d6d3b9": {
    "asset": 1705976614000,
    "meta": 1728887396428,
    "relativePath": "prefab/videoplayer.prefab"
  },
  "829a282c-b049-4019-bd38-5ace8d8a6417": {
    "asset": 1705976614000,
    "meta": 1728887396605,
    "relativePath": "resources/effects/builtin-3d-particle.effect"
  },
  "2a7c0036-e0b3-4fe1-8998-89a54b8a2bec": {
    "asset": 1705976614000,
    "meta": 1728887396640,
    "relativePath": "resources/effects/builtin-3d-trail.effect"
  },
  "c0040c95-c57f-49cd-9cbc-12316b73d0d4": {
    "asset": 1705976614000,
    "meta": 1728887396652,
    "relativePath": "resources/effects/builtin-clear-stencil.effect"
  },
  "6d91e591-4ce0-465c-809f-610ec95019c6": {
    "asset": 1705976614000,
    "meta": 1728887396672,
    "relativePath": "resources/effects/builtin-unlit.effect"
  },
  "8c5001fd-07ee-4a4b-a8a0-63e15195e94d": {
    "asset": 1705976614000,
    "meta": 1728887396429,
    "relativePath": "prefab/webview.prefab"
  },
  "61906da3-7003-4bda-9abc-5769c76faee4": {
    "asset": 1705976614000,
    "meta": 1728887396678,
    "relativePath": "prefab/light/ambient.prefab"
  },
  "ddb99b39-7004-47cd-9705-751905c43c46": {
    "asset": 1705976614000,
    "meta": 1728887396680,
    "relativePath": "prefab/light/directional.prefab"
  },
  "0cf30284-9073-46bc-9eba-e62b69dbbff3": {
    "asset": 1705976614000,
    "meta": 1728887396683,
    "relativePath": "prefab/light/point.prefab"
  },
  "f5331fd2-bf42-4ee3-a3fd-3e1657600eff": {
    "asset": 1705976614000,
    "meta": 1728887396688,
    "relativePath": "prefab/light/spot.prefab"
  },
  "6f801092-0c37-4f30-89ef-c8d960825b36": {
    "asset": 1705976614000,
    "meta": 1728887396766,
    "relativePath": "resources/materials/builtin-2d-base.mtl"
  },
  "a153945d-2511-4c14-be7b-05d242f47d57": {
    "asset": 1705976614000,
    "meta": 1728887396768,
    "relativePath": "resources/materials/builtin-2d-graphics.mtl"
  },
  "3a7bb79f-32fd-422e-ada2-96f518fed422": {
    "asset": 1705976614000,
    "meta": 1728887396767,
    "relativePath": "resources/materials/builtin-2d-gray-sprite.mtl"
  },
  "e02d87d4-e599-4d16-8001-e14891ac6506": {
    "asset": 1705976614000,
    "meta": 1728887396769,
    "relativePath": "resources/materials/builtin-2d-label.mtl"
  },
  "eca5d2f2-8ef6-41c2-bbe6-f9c79d09c432": {
    "asset": 1705976614000,
    "meta": 1728887396771,
    "relativePath": "resources/materials/builtin-2d-sprite.mtl"
  },
  "466d4f9b-e5f4-4ea8-85d5-3c6e9a65658a": {
    "asset": 1705976614000,
    "meta": 1728887396773,
    "relativePath": "resources/materials/builtin-3d-trail.mtl"
  },
  "7afd064b-113f-480e-b793-8817d19f63c3": {
    "asset": 1705976614000,
    "meta": 1728887396770,
    "relativePath": "resources/materials/builtin-2d-spine.mtl"
  },
  "cf7e0bb8-a81c-44a9-ad79-d28d43991032": {
    "asset": 1705976614000,
    "meta": 1728887396774,
    "relativePath": "resources/materials/builtin-clear-stencil.mtl"
  },
  "2a296057-247c-4a1c-bbeb-0548b6c98650": {
    "asset": 1705976614000,
    "meta": 1728887396775,
    "relativePath": "resources/materials/builtin-unlit.mtl"
  },
  "b8223619-7e38-47c4-841f-9160c232495a": {
    "asset": 1705976614000,
    "meta": 1728887396765,
    "relativePath": "obsolete/atom.plist"
  },
  "432fa09c-cf03-4cff-a186-982604408a07": {
    "asset": 1705976614000,
    "meta": 1728887396771,
    "relativePath": "resources/materials/builtin-3d-particle.mtl"
  },
  "b2687ac4-099e-403c-a192-ff477686f4f5": {
    "asset": 1705976614000,
    "meta": 1728887396764,
    "relativePath": "particle/atom.plist"
  },
  "954fec8b-cd16-4bb9-a3b7-7719660e7558": {
    "asset": 1705976614000,
    "meta": 1728887399283,
    "relativePath": "model/primitives.fbx"
  },
  "3c6ba8b7-3ecc-49df-8681-a1e008f3341b": {
    "asset": 1724742721552,
    "meta": 1724744694119,
    "relativePath": "fnt"
  },
  "b1a04c91-f45a-4a63-94a6-a8b9e61180ae": {
    "asset": 1724742721552,
    "meta": 1724744695534,
    "relativePath": "fnt/num.fnt"
  },
  "9e9fd317-b00f-452f-9590-c0ae7dc0b7a3": {
    "asset": 1727335546623,
    "meta": 1728374706622,
    "relativePath": "resources/images/bg"
  },
  "94be3603-d28b-4236-8066-2a729d61da6a": {
    "asset": 1724742721565,
    "meta": 1724744694141,
    "relativePath": "resources/images/coin"
  },
  "5bddd2eb-02f1-4fe6-abac-116b3bd8fda0": {
    "asset": 1724742721552,
    "meta": 1724744694200,
    "relativePath": "fnt/num.png"
  },
  "a48eebf6-af6b-4477-8589-1a2d9e26a57a": {
    "asset": 1724742721556,
    "meta": 1724744694266,
    "relativePath": "resources/images/bg/img_reward_light.png"
  },
  "1ffb5559-8453-4c57-ade6-5b43287be03b": {
    "asset": 1724742721558,
    "meta": 1724744694270,
    "relativePath": "resources/images/coin/10.png"
  },
  "23c8fb79-e873-48fc-ab4c-64cb8c0ff1ff": {
    "asset": 1728888450868,
    "meta": 1728993328723,
    "relativePath": "resources/images/common"
  },
  "d323fa70-506e-4739-b783-16bc208bf7e1": {
    "asset": 1724742721558,
    "meta": 1724744694295,
    "relativePath": "resources/images/coin/11.png"
  },
  "f9ae2333-3b09-4e02-8878-c1e25e46cd27": {
    "asset": 1724742721559,
    "meta": 1724744694299,
    "relativePath": "resources/images/coin/12.png"
  },
  "696e220b-d9e8-4017-8101-fc999e86d83a": {
    "asset": 1724742721560,
    "meta": 1724744694316,
    "relativePath": "resources/images/coin/14.png"
  },
  "d0021fb6-7319-49e6-9d6f-95e72c808a19": {
    "asset": 1724742721560,
    "meta": 1724744694319,
    "relativePath": "resources/images/coin/15.png"
  },
  "dbaa97e7-545e-431a-896d-23e94f1b8b0f": {
    "asset": 1724742721561,
    "meta": 1724744694327,
    "relativePath": "resources/images/coin/2.png"
  },
  "7fea11b9-1a01-4683-8574-187b2fa1e087": {
    "asset": 1724742721557,
    "meta": 1724744694273,
    "relativePath": "resources/images/coin/1.png"
  },
  "770cfadb-faa6-48ae-8260-81220d5fb8c9": {
    "asset": 1724742721559,
    "meta": 1724744694293,
    "relativePath": "resources/images/coin/13.png"
  },
  "4f2977b0-f181-40b0-adcd-5aa74adae560": {
    "asset": 1724742721554,
    "meta": 1724744694278,
    "relativePath": "resources/images/bg/img_bg_main.png"
  },
  "a821765e-d0f7-4832-8283-08f77c187808": {
    "asset": 1724742721562,
    "meta": 1724744694348,
    "relativePath": "resources/images/coin/4.png"
  },
  "771576af-1e32-4988-b621-398e5c6421f3": {
    "asset": 1724742721563,
    "meta": 1724744694346,
    "relativePath": "resources/images/coin/5.png"
  },
  "76f32e8b-582a-4c5f-a73f-bc2f73acd091": {
    "asset": 1724742721564,
    "meta": 1724744694350,
    "relativePath": "resources/images/coin/6.png"
  },
  "60ce516e-731d-485f-83dd-e83a506cc218": {
    "asset": 1724742721564,
    "meta": 1724744694364,
    "relativePath": "resources/images/coin/7.png"
  },
  "9195e447-337e-4083-ad68-a9880ce6146d": {
    "asset": 1724742721561,
    "meta": 1724744694336,
    "relativePath": "resources/images/coin/3.png"
  },
  "f84c44d9-0921-41df-b267-a3541d5890bb": {
    "asset": 1724742721569,
    "meta": 1725610935374,
    "relativePath": "resources/images/common/img_common_black.png"
  },
  "e336d93e-b1c5-4d4c-99c6-e174bb6b9ab5": {
    "asset": 1724742721565,
    "meta": 1724744694366,
    "relativePath": "resources/images/coin/8.png"
  },
  "25c736e4-1008-49b9-b846-b0a21b466619": {
    "asset": 1724742721565,
    "meta": 1724744694368,
    "relativePath": "resources/images/coin/9.png"
  },
  "6778fb27-291d-431d-9a83-d6644e978260": {
    "asset": 1724742721569,
    "meta": 1724744694399,
    "relativePath": "resources/images/common/img_common_bg.png"
  },
  "8facfea0-37d0-4eaf-86e0-a310f344ba60": {
    "asset": 1724742721570,
    "meta": 1724744694396,
    "relativePath": "resources/images/common/img_common_blue_btn1.png"
  },
  "1e907498-d011-447b-ad93-394f3809e7f6": {
    "asset": 1724742721571,
    "meta": 1724744694416,
    "relativePath": "resources/images/common/img_common_btn_back.png"
  },
  "d05fd409-4e20-4485-bf43-a8c4deef2497": {
    "asset": 1724742721571,
    "meta": 1724744694418,
    "relativePath": "resources/images/common/img_common_btn_blue1.png"
  },
  "1663ecdd-ad56-4366-b1f3-ebaea1d7fb25": {
    "asset": 1724742721572,
    "meta": 1724744694417,
    "relativePath": "resources/images/common/img_common_btn_blue2.png"
  },
  "c479c7cf-b9e2-49a6-a17b-2996e1c5c81f": {
    "asset": 1724742721577,
    "meta": 1724744694439,
    "relativePath": "resources/images/common/img_common_btn_yellow2.png"
  },
  "634eeaac-0e06-4348-9c98-77c0a116f8f0": {
    "asset": 1724742721576,
    "meta": 1724744694442,
    "relativePath": "resources/images/common/img_common_btn_yellow1.png"
  },
  "80912419-7932-4d9e-b3b8-455a681fbe05": {
    "asset": 1724742721575,
    "meta": 1724744694440,
    "relativePath": "resources/images/common/img_common_btn_purple.png"
  },
  "fdaf4e44-710d-4d63-bca2-7fd8fd127c3a": {
    "asset": 1724742721579,
    "meta": 1724744694462,
    "relativePath": "resources/images/common/img_common_circle_ed.png"
  },
  "dfae3364-6402-4739-a1b4-d3ffe0d3f7f7": {
    "asset": 1724742721579,
    "meta": 1724744694464,
    "relativePath": "resources/images/common/img_common_circle_ing.png"
  },
  "b9cd6fc7-3c0f-452a-8d37-cffaecf9abbc": {
    "asset": 1724742721578,
    "meta": 1724744694443,
    "relativePath": "resources/images/common/img_common_cash.png"
  },
  "5815e49f-21cf-45e2-a074-854ded83bea4": {
    "asset": 1724742721580,
    "meta": 1724744694466,
    "relativePath": "resources/images/common/img_common_circle_ing_sign.png"
  },
  "da82b7be-78cb-40f9-bc74-808b26b0ea97": {
    "asset": 1724742721581,
    "meta": 1724744694467,
    "relativePath": "resources/images/common/img_common_circle_lock.png"
  },
  "38f080fd-ac54-4e69-a3ad-e0d3e6b93a25": {
    "asset": 1724742721584,
    "meta": 1724744694486,
    "relativePath": "resources/images/common/img_common_line.png"
  },
  "fb590c6d-94e7-4dea-b48b-fe27d601a877": {
    "asset": 1727333490119,
    "meta": 1728374706625,
    "relativePath": "resources/images/game"
  },
  "3b1b76c6-7d4b-4c08-a839-5dcc654d7c45": {
    "asset": 1724742721583,
    "meta": 1724744694489,
    "relativePath": "resources/images/common/img_common_glod_bg.png"
  },
  "9a5aa880-75dc-4eca-8027-99d6ad2bff8c": {
    "asset": 1724742721585,
    "meta": 1724744694492,
    "relativePath": "resources/images/common/img_common_lock.png"
  },
  "cb9ce14d-8892-4841-b491-118af573c33a": {
    "asset": 1724742721582,
    "meta": 1724744694468,
    "relativePath": "resources/images/common/img_common_circle_target.png"
  },
  "765d6cb7-c232-4a14-b6a2-9a4ed6cd59a1": {
    "asset": 1724742721588,
    "meta": 1724744694514,
    "relativePath": "resources/images/common/img_common_right.png"
  },
  "ab542d31-5f47-46a8-8a99-db596fbc448a": {
    "asset": 1724742721587,
    "meta": 1725610804869,
    "relativePath": "resources/images/common/img_common_panel_bg.png"
  },
  "4f4c5986-0d5c-48c1-83b5-880d3ad8eb93": {
    "asset": 1724742721588,
    "meta": 1725516536352,
    "relativePath": "resources/images/common/img_common_tilte_bg.png"
  },
  "c9b04197-a165-469e-ad83-c2a903f0cf57": {
    "asset": 1724742721590,
    "meta": 1724744694525,
    "relativePath": "resources/images/common/img_common_title1.png"
  },
  "fabda16e-60e0-4a6e-a77c-2f070bddcf3c": {
    "asset": 1724742721589,
    "meta": 1724744694521,
    "relativePath": "resources/images/common/img_common_tips.png"
  },
  "604dd9f8-68e7-4551-a9d8-4a684ac587c6": {
    "asset": 1724742721591,
    "meta": 1724744694528,
    "relativePath": "resources/images/common/img_common_title2.png"
  },
  "edd19624-2ece-49bf-be06-975dc83cd77e": {
    "asset": 1724742721595,
    "meta": 1724744694583,
    "relativePath": "resources/images/game/img_game_slot_bg.png"
  },
  "2d8eb3ad-38f5-47b9-bdde-27efa1883bb6": {
    "asset": 1724742721595,
    "meta": 1724744694585,
    "relativePath": "resources/images/game/img_game_slot_bg0.png"
  },
  "02dcf902-ae60-4080-b7e3-c587783db066": {
    "asset": 1724742721597,
    "meta": 1724744694622,
    "relativePath": "resources/images/game/img_game_slot_bg3.png"
  },
  "ba9c5711-bad4-4a14-986a-f8defe8ae49a": {
    "asset": 1724742721597,
    "meta": 1724744694620,
    "relativePath": "resources/images/game/img_game_slot_bg2.png"
  },
  "524f6c11-db0c-4308-a7c8-ba24d7832bd2": {
    "asset": 1724742721596,
    "meta": 1724744694618,
    "relativePath": "resources/images/game/img_game_slot_bg1.png"
  },
  "b2f18087-9e11-455d-86bf-33400e9b2765": {
    "asset": 1724742721599,
    "meta": 1724744694626,
    "relativePath": "resources/images/game/img_game_slot_mask.png"
  },
  "0198aa08-da8b-4a0b-83e8-b55f6c3ede69": {
    "asset": 1724742721598,
    "meta": 1724744694624,
    "relativePath": "resources/images/game/img_game_slot_guang.png"
  },
  "0494b908-4ac5-49ee-b3ec-8c1aed92b9a6": {
    "asset": 1724742721602,
    "meta": 1724744694648,
    "relativePath": "resources/images/game/img_game_solt.png"
  },
  "58e71b89-f1c1-4fe3-9428-c83fdae38718": {
    "asset": 1724742721600,
    "meta": 1724744694651,
    "relativePath": "resources/images/game/img_game_slot_select.png"
  },
  "22a00a8b-bcef-40c8-9b93-97bf73c9e413": {
    "asset": 1724742721617,
    "meta": 1724744695523,
    "relativePath": "resources/sounds/produceCoin.mp3"
  },
  "73dce9bf-2ea9-438e-a9eb-2ba5fb555973": {
    "asset": 1724742721614,
    "meta": 1724744695525,
    "relativePath": "resources/sounds/mergeCoin.mp3"
  },
  "c4dde3ee-c834-44ed-9cd2-1b70f64b0096": {
    "asset": 1724742721617,
    "meta": 1724744695527,
    "relativePath": "resources/sounds/moveCoin1.mp3"
  },
  "7f825f43-9ded-4f18-a4cf-2b96c0af3f41": {
    "asset": 1724742721616,
    "meta": 1724744695528,
    "relativePath": "resources/sounds/moveCoin.mp3"
  },
  "7996a3b1-ec62-470f-a802-a76ae9b40efa": {
    "asset": 1724742721612,
    "meta": 1724744694771,
    "relativePath": "resources/prefab/merge/mergeProgress.prefab"
  },
  "42298d91-cc71-402b-8cb8-a7939aa334e1": {
    "asset": 1724742721574,
    "meta": 1724744694428,
    "relativePath": "resources/images/common/img_common_btn_green_2.png"
  },
  "e42d3db3-729c-403c-b13e-5fb3a0c2629b": {
    "asset": 1724742721586,
    "meta": 1724744694495,
    "relativePath": "resources/images/common/img_common_panel.png"
  },
  "e4776cc8-9cb3-4a13-9c6e-ddaca135e8ab": {
    "asset": 1724742721568,
    "meta": 1724744694393,
    "relativePath": "resources/images/common/img_com_star_empty.png"
  },
  "bf14431c-9091-4641-9451-6980224a4ba6": {
    "asset": 1724742721567,
    "meta": 1724744694391,
    "relativePath": "resources/images/common/img_com_star.png"
  },
  "7961fe92-07cf-4bb5-b304-878f03a88f9e": {
    "asset": 1724742721594,
    "meta": 1724744694580,
    "relativePath": "resources/images/game/img_game_progress_bar_bg.png"
  },
  "e8c2c8b8-8bd4-4fc7-9608-67103a97d05d": {
    "asset": 1724742721593,
    "meta": 1724744694576,
    "relativePath": "resources/images/game/img_game_progress_bar.png"
  },
  "9b1f0564-31ee-41b1-91a4-ad6aff6cd95a": {
    "asset": 1728905136534,
    "meta": 1728993328720,
    "relativePath": "script/merge"
  },
  "f7b491ff-060c-49b0-9824-368955a659fa": {
    "asset": 1725009953956,
    "meta": 1725244780620,
    "relativePath": "script/merge/dataModule"
  },
  "05f3ff8e-7142-4219-a1bd-0daf5b69ca4f": {
    "asset": 1724742721640,
    "meta": 1724744694207,
    "relativePath": "script/merge/define"
  },
  "ab69b1ac-77e3-48b7-8331-a21252ec5022": {
    "asset": 1724742721647,
    "meta": 1724744694208,
    "relativePath": "script/merge/game"
  },
  "488e880e-7a35-4bb0-9f34-77f1590832fc": {
    "asset": 1724742721652,
    "meta": 1724744694210,
    "relativePath": "script/merge/manager"
  },
  "4ce049d8-2a16-4dc8-bee1-818eaa7d96ea": {
    "asset": 1725612475540,
    "meta": 1726037897472,
    "relativePath": "script/merge/pulicCom"
  },
  "d5bd2154-6fff-4329-9e4a-518fa9e1dc58": {
    "asset": 1727091180421,
    "meta": 1728374706630,
    "relativePath": "script/merge/util"
  },
  "a97835f1-6622-401a-86f1-e3bfb836ca8b": {
    "asset": 1724742721635,
    "meta": 1724744694788,
    "relativePath": "script/merge/dataModule/DataModule.ts"
  },
  "6cba5f45-acfb-40d1-8695-cdab4de05549": {
    "asset": 1724742721642,
    "meta": 1724744695026,
    "relativePath": "script/merge/game/Coin.ts"
  },
  "77cdd882-c01c-4a14-b7fd-a0ac94b7e800": {
    "asset": 1724742721645,
    "meta": 1724744695162,
    "relativePath": "script/merge/game/MergeProgress.ts"
  },
  "dcad5cd6-1a65-401d-859a-820a37c34581": {
    "asset": 1724742721647,
    "meta": 1724744695342,
    "relativePath": "script/merge/game/Slot.ts"
  },
  "ea7fb070-6815-4af7-a8bc-b25ff2d3276b": {
    "asset": 1724742721654,
    "meta": 1724744695475,
    "relativePath": "script/merge/util/EventManager.ts"
  },
  "b8758f7e-aa3e-4681-ba99-ff0f006416df": {
    "asset": 1724742721643,
    "meta": 1724744695121,
    "relativePath": "script/merge/game/GoodsCom.ts"
  },
  "ba107d2c-4fb3-4fa8-a20d-c622a08f5e2e": {
    "asset": 1724742721653,
    "meta": 1724744695464,
    "relativePath": "script/merge/pulicCom/TouchEffect.ts"
  },
  "3d2bd2e5-c304-4485-98f6-bc38c3635d6e": {
    "asset": 1724742721607,
    "meta": 1724744694144,
    "relativePath": "resources/images/goods"
  },
  "1341923c-ea7a-432f-940d-3b75c9bc2d94": {
    "asset": 1724742721611,
    "meta": 1724744694762,
    "relativePath": "resources/prefab/merge/goodsCom.prefab"
  },
  "40d88137-46ff-432c-9046-9f11e2888998": {
    "asset": 1724742721611,
    "meta": 1724744694765,
    "relativePath": "resources/prefab/merge/goodsList.prefab"
  },
  "57a1dfa9-81b5-438f-9e0c-a9e6fdbcf3cb": {
    "asset": 1724742721610,
    "meta": 1724744694757,
    "relativePath": "resources/prefab/merge/game.prefab"
  },
  "0e8fb76a-a34e-42f2-b0f1-784593b1c5a2": {
    "asset": 1724742721573,
    "meta": 1724744694420,
    "relativePath": "resources/images/common/img_common_btn_green_1.png"
  },
  "b83d851c-4cc5-4813-9e00-ea25dbf614a9": {
    "asset": 1724742721592,
    "meta": 1724744694578,
    "relativePath": "resources/images/common/img_common_title3.png"
  },
  "beefb339-f705-4ad6-8329-5704d50b3626": {
    "asset": 1724742721638,
    "meta": 1724744694969,
    "relativePath": "script/merge/dataModule/GoodsModule.ts"
  },
  "ceb409c2-a1f1-4041-a73e-eed9af065f6a": {
    "asset": 1724742721656,
    "meta": 1724744695510,
    "relativePath": "script/merge/util/logger.ts"
  },
  "d72ce094-0b1b-4bbf-9e5c-184ef66f8edb": {
    "asset": 1724742721566,
    "meta": 1724744694370,
    "relativePath": "resources/images/common/img_com_btn_green.png"
  },
  "22a2bd40-7aea-407d-81e2-1717ba6a319f": {
    "asset": 1724742721567,
    "meta": 1724744694372,
    "relativePath": "resources/images/common/img_com_btn_red.png"
  },
  "a3743420-6776-4e53-aa55-d439c6ae18b5": {
    "asset": 1724742721604,
    "meta": 1724744694653,
    "relativePath": "resources/images/goods/img_goods_2.png"
  },
  "30f8133e-0de5-400f-a0cd-9188364f1b74": {
    "asset": 1724742721604,
    "meta": 1724744694656,
    "relativePath": "resources/images/goods/img_goods_3.png"
  },
  "773af49f-cdb9-4946-990c-18edbfd7af83": {
    "asset": 1724742721603,
    "meta": 1724744694650,
    "relativePath": "resources/images/goods/img_goods_1.png"
  },
  "c51ef1fb-4b4f-4338-9cb6-fe9a6cc9bcee": {
    "asset": 1724742721605,
    "meta": 1724744694678,
    "relativePath": "resources/images/goods/img_goods_4.png"
  },
  "c7c5dfb7-08c1-418d-89a4-31ab49fbb786": {
    "asset": 1724742721607,
    "meta": 1724744694682,
    "relativePath": "resources/images/goods/img_goods_7.png"
  },
  "3dbf9e46-84c3-4df8-9e12-baa0a42ccd3a": {
    "asset": 1724742721606,
    "meta": 1724744694680,
    "relativePath": "resources/images/goods/img_goods_5.png"
  },
  "c60c2157-1ccd-4600-a522-410cee6035e3": {
    "asset": 1724742721606,
    "meta": 1724744694676,
    "relativePath": "resources/images/goods/img_goods_6.png"
  },
  "a82dcd7c-106e-4f08-b12d-391491a03854": {
    "asset": 1724742721607,
    "meta": 1724744694683,
    "relativePath": "resources/images/goods/img_goods_8.png"
  },
  "c28b311a-d1e0-4324-ada5-1d5c68139a6e": {
    "asset": 1724742721661,
    "meta": 1724744694138,
    "relativePath": "texture/launch"
  },
  "a9745ddf-bc6d-436a-9c56-e23d846cc23b": {
    "asset": 1724742721660,
    "meta": 1724744694243,
    "relativePath": "texture/launch/progress_bar_1.png"
  },
  "8cd6f06d-6a15-492d-b9a2-7c93a8a73269": {
    "asset": 1724742721659,
    "meta": 1724744694240,
    "relativePath": "texture/launch/progress_1.png"
  },
  "dfa9a453-ec31-458a-aa05-8a7730ac4354": {
    "asset": 1724742721657,
    "meta": 1724744694196,
    "relativePath": "texture/icon_ad.png"
  },
  "5016654d-47bd-4fdd-986e-0708ad50239b": {
    "asset": 1724742721658,
    "meta": 1724744694242,
    "relativePath": "texture/launch/12.png"
  },
  "41cbc2c4-bfbd-4d29-b452-8e63a800e5a5": {
    "asset": 1724742721661,
    "meta": 1724744694246,
    "relativePath": "texture/launch/tips.png"
  },
  "645669a6-7055-4c85-913b-82815cde7b5d": {
    "asset": 1724742721637,
    "meta": 1724744694958,
    "relativePath": "script/merge/dataModule/GameModule.ts"
  },
  "d7c1be23-af30-4ac8-a136-0369b193c479": {
    "asset": 1727339139309,
    "meta": 1728374706627,
    "relativePath": "resources/images/grid"
  },
  "650a295d-cd36-4ce8-9a1a-f0400ee3df04": {
    "asset": 1724815954356,
    "meta": 1724815960546,
    "relativePath": "script/merge/game/Game.ts"
  },
  "7f6e3707-8277-4c10-b6e0-20f86b92d958": {
    "asset": 1724816366523,
    "meta": 1724816373743,
    "relativePath": "resources/images/bg/img_bg_grid.png"
  },
  "14a59691-bc6a-45ac-84be-c036b4a0df3a": {
    "asset": 1726643956762,
    "meta": 1727059798973,
    "relativePath": "resources/prefab/zyx"
  },
  "84697e00-4123-4a13-a362-91e895327f6d": {
    "asset": 1727342880839,
    "meta": 1727342880849,
    "relativePath": "resources/prefab/zyx/zyxGame.prefab"
  },
  "00cc98ff-e3a3-4127-bb4a-175e5e163176": {
    "asset": 1726729249053,
    "meta": 1727059798974,
    "relativePath": "script/merge/zyxGame"
  },
  "94a42122-8fd7-4bea-acda-40302b65b0fd": {
    "asset": 1727159288333,
    "meta": 1727159288337,
    "relativePath": "resources/prefab/zyx/uComGrid.prefab"
  },
  "b4d8a4b8-cf58-4fb3-a646-01d46236aca3": {
    "asset": 1724913740172,
    "meta": 1724913775519,
    "relativePath": "resources/images/common/img_com_diamond.png"
  },
  "bf94ced7-d155-486a-a0e9-246803920cc9": {
    "asset": 1727335339299,
    "meta": 1728374706628,
    "relativePath": "resources/images/item"
  },
  "a1118e86-6149-4992-a99b-4e85a6199473": {
    "asset": 1724916869350,
    "meta": 1724916890721,
    "relativePath": "resources/images/common/img_com_play_video.png"
  },
  "39209a15-46f1-475e-a23e-9e431301a654": {
    "asset": 1724986584829,
    "meta": 1724986732655,
    "relativePath": "resources/images/item/img_item_star.png"
  },
  "316cd247-1562-4e51-bdeb-910b65e5e714": {
    "asset": 1712561304611,
    "meta": 1725001216604,
    "relativePath": "resources/images/common/img_common_bar_bg.png"
  },
  "70347ca5-1852-4071-84c7-bfe69426d8e6": {
    "asset": 1712561304610,
    "meta": 1725001299746,
    "relativePath": "resources/images/common/img_common_bar.png"
  },
  "622a5128-6558-4911-838e-8a1e154f7a37": {
    "asset": 1724988463262,
    "meta": 1724988586947,
    "relativePath": "resources/images/item/img_item_exp.png"
  },
  "8772a0a5-4a0f-4571-99a8-dd4fe4a8f309": {
    "asset": 1724988629244,
    "meta": 1724988651974,
    "relativePath": "resources/images/common/img_com_lv.png"
  },
  "2b44afe7-df9e-4209-b12c-e6158c0792df": {
    "asset": 1724988859742,
    "meta": 1724988953579,
    "relativePath": "resources/images/common/img_com_exp_bar_bg.png"
  },
  "b4335587-2790-47f2-9e28-0939c4c3741a": {
    "asset": 1724988849875,
    "meta": 1725611541014,
    "relativePath": "resources/images/common/img_com_exp_bar.png"
  },
  "a398c12a-96c2-4c94-99c6-d820f39b545e": {
    "asset": 1700622181000,
    "meta": 1728889219466,
    "relativePath": "resources/images/common/img_com_avatar_frame.png"
  },
  "a0708f7c-2a5f-479f-9dfd-36f9d8e038e4": {
    "asset": 1727091811887,
    "meta": 1727091811896,
    "relativePath": "resources/prefab/zyx/uComTop.prefab"
  },
  "ff5756ce-f18b-4c11-ab85-1218e5e9880e": {
    "asset": 1725261527699,
    "meta": 1725261631920,
    "relativePath": "script/merge/zyxGame/ZyxComTop.ts"
  },
  "52721411-a3f9-45b2-a53e-37764d29ec0a": {
    "asset": 1725431685770,
    "meta": 1726661768941,
    "relativePath": "resources/images/grid/color_12.png"
  },
  "7a73210a-a68c-4ba0-b646-bd0b77e3d0e7": {
    "asset": 1725431670287,
    "meta": 1726661747274,
    "relativePath": "resources/images/grid/color_10.png"
  },
  "c2084561-dc3c-461a-9a32-a95f1ea073a0": {
    "asset": 1725431696306,
    "meta": 1726661779443,
    "relativePath": "resources/images/grid/color_13.png"
  },
  "6cb69e20-2fd3-4033-9567-ec1d29f388dd": {
    "asset": 1725431678254,
    "meta": 1726661757892,
    "relativePath": "resources/images/grid/color_11.png"
  },
  "0da10f57-3aa0-4f99-be52-5a4ea7ab16f1": {
    "asset": 1725431606785,
    "meta": 1726661673516,
    "relativePath": "resources/images/grid/color_3.png"
  },
  "931dfa68-b79f-4a7c-90ac-bad9c370e8a9": {
    "asset": 1725431628453,
    "meta": 1726661692987,
    "relativePath": "resources/images/grid/color_5.png"
  },
  "7cc8691b-f79b-4c3c-b16a-3c50313ed689": {
    "asset": 1725431614517,
    "meta": 1726661683744,
    "relativePath": "resources/images/grid/color_4.png"
  },
  "79b017b8-bbcd-4d5b-a090-ab411028cc95": {
    "asset": 1725431636837,
    "meta": 1726661705788,
    "relativePath": "resources/images/grid/color_6.png"
  },
  "6f601bdd-6a83-4b0e-9031-7a2fca06ff45": {
    "asset": 1725431655006,
    "meta": 1726661726397,
    "relativePath": "resources/images/grid/color_8.png"
  },
  "cf5918ab-fd87-41b0-bf4e-f6721e6d2a6f": {
    "asset": 1725431645206,
    "meta": 1726661716461,
    "relativePath": "resources/images/grid/color_7.png"
  },
  "34bd88c0-f26e-4026-b3f0-9c922892b3b7": {
    "asset": 1725431585939,
    "meta": 1725431732139,
    "relativePath": "resources/images/grid/color_1.png"
  },
  "fb8c0344-f333-4e2f-bea0-55667587e65f": {
    "asset": 1725431597418,
    "meta": 1726661635418,
    "relativePath": "resources/images/grid/color_2.png"
  },
  "e9968a56-1530-44ec-a358-595b480f786f": {
    "asset": 1725431663390,
    "meta": 1726661736254,
    "relativePath": "resources/images/grid/color_9.png"
  },
  "ddbd4b76-0fdb-4965-bee9-b37c7d8a941a": {
    "asset": 1725957247061,
    "meta": 1725957247066,
    "relativePath": "resources/prefab/zyx/accountDialog.prefab"
  },
  "5d127418-9212-490f-846d-f6cf61b6e2b7": {
    "asset": 1725611903199,
    "meta": 1725611903204,
    "relativePath": "resources/prefab/zyx/rewardItem.prefab"
  },
  "ee0958ea-965a-43b3-aa2c-3156f4c62034": {
    "asset": 1725612227141,
    "meta": 1726037897468,
    "relativePath": "resources/prefab/com"
  },
  "48a270ef-7378-4f61-ad50-173a73b9bdc7": {
    "asset": 1725872315061,
    "meta": 1725872315077,
    "relativePath": "resources/prefab/com/tips.prefab"
  },
  "58f9e2a8-9a85-41b9-ac8c-7be16c2bbc66": {
    "asset": 1725612570115,
    "meta": 1725612579487,
    "relativePath": "script/merge/zyxGame/ZyxRewardItem.ts"
  },
  "62421a68-58e8-44c9-a03a-5eaf10f69a7f": {
    "asset": 1725613806757,
    "meta": 1725613819781,
    "relativePath": "script/merge/pulicCom/Tips.ts"
  },
  "f6b0e684-6fc9-4ead-a4eb-f6c7e47b2c9f": {
    "asset": 1725874727160,
    "meta": 1725874728992,
    "relativePath": "script/merge/manager/Uimanager.ts"
  },
  "93ebeb29-90d5-4c15-95b5-951c9a0580e6": {
    "asset": 1725004359122,
    "meta": 1725933965788,
    "relativePath": "resources/images/bg/img_bg_main1.png"
  },
  "27179110-b3d5-44f3-b164-01816da69f83": {
    "asset": 1726643698993,
    "meta": 1726644429129,
    "relativePath": "resources/images/game/img_game_line.png"
  },
  "aa0bdd9a-fcce-4899-8eb0-4df2e9ffc603": {
    "asset": 1726730168516,
    "meta": 1726730168521,
    "relativePath": "resources/prefab/zyx/uComNextLine.prefab"
  },
  "85100311-dffa-4c4f-962d-a4e4c5d82025": {
    "asset": 1726651851371,
    "meta": 1726651853299,
    "relativePath": "script/merge/util/NewUtils.ts"
  },
  "05b9ca4c-63db-4da0-a4c5-a3391c17ee6b": {
    "asset": 1726729575186,
    "meta": 1726729633103,
    "relativePath": "script/merge/zyxGame/ZyxLineCom.ts"
  },
  "aa7f6e0b-8f02-43de-b8ab-515f80074d14": {
    "asset": 1726802909063,
    "meta": 1726813133961,
    "relativePath": "resources/sounds/sound_drop.mp3"
  },
  "cac945ef-e207-4d98-841f-c8ac5d88e44a": {
    "asset": 1726803184228,
    "meta": 1726813133963,
    "relativePath": "resources/sounds/sound_start.mp3"
  },
  "cf47ae56-4824-4ed8-8be6-120fffad0e56": {
    "asset": 1726813043150,
    "meta": 1726813133967,
    "relativePath": "resources/sounds/sound_endding.mp3"
  },
  "62ba9c2a-71e0-48c6-903f-43734a1cb064": {
    "asset": 1726802076209,
    "meta": 1726813133975,
    "relativePath": "resources/sounds/music_game.mp3"
  },
  "f76bd106-0c53-4db6-bb5f-c6f1225b4945": {
    "asset": 1726802112786,
    "meta": 1726813133980,
    "relativePath": "resources/sounds/music_main1.mp3"
  },
  "3681c778-c4b2-4b26-83ae-16f5dd352bab": {
    "asset": 1726802150657,
    "meta": 1726813133982,
    "relativePath": "resources/sounds/music_main2.mp3"
  },
  "b545b153-21bd-4957-92ee-2ee8b3e797e4": {
    "asset": 1726815308554,
    "meta": 1726815311302,
    "relativePath": "script/merge/manager/AudioMgr.ts"
  },
  "137728aa-b997-42e4-845f-e711bc51aac8": {
    "asset": 1727072930792,
    "meta": 1727072976575,
    "relativePath": "script/merge/dataModule/ZyxGameModule.ts"
  },
  "ef525dff-54a9-4f2f-941a-a30763307a4b": {
    "asset": 1727073771849,
    "meta": 1727073797625,
    "relativePath": "script/merge/zyxGame/ZyxAccountDialog.ts"
  },
  "94a345f9-c042-4633-84a0-026aec14d79e": {
    "asset": 1727062950000,
    "meta": 1727091785448,
    "relativePath": "resources/images/common/img_com_avatar.png"
  },
  "eb26c84d-26f7-427c-91a6-6066ccad0a55": {
    "asset": 1727091863168,
    "meta": 1727091945957,
    "relativePath": "script/merge/util/WxApiManager.ts"
  },
  "5fb41026-f9bf-437c-aba8-903aa19c42a0": {
    "asset": 1727158544819,
    "meta": 1727159435806,
    "relativePath": "resources/images/common/img_com_square.png"
  },
  "9bbeed51-e63d-40e3-ad99-15d4588f2d47": {
    "asset": 1727244690674,
    "meta": 1727249194178,
    "relativePath": "resources/images/game/img_game_basket.png"
  },
  "61f8c63c-f6b7-4e42-986e-cb861326263c": {
    "asset": 1727332726552,
    "meta": 1727333490803,
    "relativePath": "resources/sounds/sound_confim.mp3"
  },
  "f3ac0ac5-ea54-4e32-9780-08166d6ec748": {
    "asset": 1727332864035,
    "meta": 1727333490805,
    "relativePath": "resources/sounds/sound_collect.mp3"
  },
  "5c93fc9f-bb2c-4e3d-b09b-49658203ee8e": {
    "asset": 1727332285680,
    "meta": 1727333490807,
    "relativePath": "resources/sounds/sound_bonus.mp3"
  },
  "0e91fec1-253a-4171-ae2f-2275cfae7e40": {
    "asset": 1727331417597,
    "meta": 1727333490181,
    "relativePath": "resources/images/game/img_game_bonus.png"
  },
  "4bdb5699-171b-4d59-87da-fbb6cd2d0785": {
    "asset": 1727304926000,
    "meta": 1727333783866,
    "relativePath": "resources/images/item/img_item_hammer.png"
  },
  "4700685c-b510-4124-bc7f-24cba4c8005c": {
    "asset": 1727304926000,
    "meta": 1727333783868,
    "relativePath": "resources/images/item/img_item_bomb.png"
  },
  "44ffd4b0-90af-4e13-94e0-cd82d1de0485": {
    "asset": 1727304926000,
    "meta": 1727333783873,
    "relativePath": "resources/images/item/img_item_diamond.png"
  },
  "c5781ea9-8bb2-4e7e-b33e-effaa5562a11": {
    "asset": 1727304888000,
    "meta": 1727334046175,
    "relativePath": "resources/images/item/img_item_5.png"
  },
  "78d1883c-4d2b-44ce-ad28-9adcc61ffbc1": {
    "asset": 1727160413280,
    "meta": 1727334046178,
    "relativePath": "resources/images/item/img_item_7.png"
  },
  "cffb0f54-a33a-436e-bafd-1e7b82544fd0": {
    "asset": 1727304888000,
    "meta": 1727334046190,
    "relativePath": "resources/images/item/img_item_9.png"
  },
  "0b30c017-4e93-47e7-ab25-433930df7065": {
    "asset": 1727160440948,
    "meta": 1727334046192,
    "relativePath": "resources/images/item/img_item_6.png"
  },
  "3edfc93d-8142-4f26-9e46-afbf0a968c02": {
    "asset": 1727160352973,
    "meta": 1727334046194,
    "relativePath": "resources/images/item/img_item_8.png"
  },
  "260831d0-5198-4db0-99dd-c69c558cc2f6": {
    "asset": 1727334164761,
    "meta": 1727335339323,
    "relativePath": "script/merge/define/TypeDefine.ts"
  },
  "313db6cd-a921-4d3b-ba02-e8d8a6d97dcf": {
    "asset": 1727160308241,
    "meta": 1727335339345,
    "relativePath": "resources/images/item/img_item_11.png"
  },
  "b50788f8-d69d-41bc-a430-e6c0ef8fb13e": {
    "asset": 1727160434250,
    "meta": 1727335339347,
    "relativePath": "resources/images/item/img_item_10.png"
  },
  "18a0f9be-1199-4a3c-bb49-31c4a0248cb2": {
    "asset": 1727335539995,
    "meta": 1727335555125,
    "relativePath": "resources/images/bg/img_bg.jpg"
  },
  "6864309e-a883-4fbb-af0b-296d2279eef3": {
    "asset": 1729513770045,
    "meta": 1729513770053,
    "relativePath": "scene/merge.fire"
  },
  "84e66e48-d272-40ad-9b99-24556bcad428": {
    "asset": 1727339080688,
    "meta": 1727339262634,
    "relativePath": "resources/images/grid/gridSelectedBg.png"
  },
  "91c7351e-841a-469b-a7fa-a30303e97584": {
    "asset": 1727340142109,
    "meta": 1727340239848,
    "relativePath": "script/merge/zyxGame/ZyxGridCom.ts"
  },
  "227d6658-dd73-420d-b4b2-c31b3f122dcd": {
    "asset": 1727343653085,
    "meta": 1727343655104,
    "relativePath": "script/merge/zyxGame/ZyxGame.ts"
  },
  "fd1b415e-427e-4885-a002-91209bd39600": {
    "asset": 1727339080688,
    "meta": 1728888529779,
    "relativePath": "resources/images/common/img_com_bg_white.png"
  },
  "0af54762-b9de-4937-a498-a483c8bdc45c": {
    "asset": 1728890337794,
    "meta": 1728890965691,
    "relativePath": "script/merge/game/MergeScene.ts"
  },
  "ecab9bbe-4415-498a-80f4-2780253ef3c9": {
    "asset": 1729273793993,
    "meta": 1729493808025,
    "relativePath": "resources/images/flower"
  },
  "fa4bf8c5-da4c-41d5-811a-44db036450b5": {
    "asset": 1729276936048,
    "meta": 1729493808028,
    "relativePath": "script/merge/flowerEditor"
  },
  "384e0b28-5baf-42d4-aa5f-242801c0d927": {
    "asset": 1728905652641,
    "meta": 1728905788573,
    "relativePath": "script/merge/zyxGame/ZyxMainScene.ts"
  },
  "1fd76851-0431-429b-9577-be4ac7c2ce29": {
    "asset": 1729276920622,
    "meta": 1729493808027,
    "relativePath": "resources/prefab/flowerEditor"
  },
  "80fc4636-abc4-4fc1-b761-2fc274e7afe1": {
    "asset": 1728999332570,
    "meta": 1728999332576,
    "relativePath": "resources/prefab/flowerEditor/LayerBtn.prefab"
  },
  "c429f467-b625-4768-b900-73abcfd85e50": {
    "asset": 1728997194424,
    "meta": 1728997210508,
    "relativePath": "script/merge/game/GoodsList.ts"
  },
  "c9696017-44d5-4f9d-9fad-e452d5e20da0": {
    "asset": 1729272753622,
    "meta": 1729272779072,
    "relativePath": "script/merge/flowerEditor/LayerBtn.ts"
  },
  "b0fc2335-b1e0-49e3-b84c-50571a23f8dc": {
    "asset": 1729244872000,
    "meta": 1729273794100,
    "relativePath": "resources/images/flower/img_flower_1.png"
  },
  "6d28ee71-b2c9-4fd6-ab91-594a1eadaa9d": {
    "asset": 1729244872000,
    "meta": 1729273794119,
    "relativePath": "resources/images/flower/img_flower_10.png"
  },
  "dc7782fe-6423-49d3-90ff-94d3334f1e65": {
    "asset": 1729244910000,
    "meta": 1729273794124,
    "relativePath": "resources/images/flower/img_flower_11.png"
  },
  "f361832b-c8db-415e-a475-137d28f0665c": {
    "asset": 1729244910000,
    "meta": 1729273794135,
    "relativePath": "resources/images/flower/img_flower_13.png"
  },
  "5b8a05b3-d619-4ab2-b1a2-eec2e7d5dbf9": {
    "asset": 1729244910000,
    "meta": 1729273794145,
    "relativePath": "resources/images/flower/img_flower_14.png"
  },
  "798ac02d-2cb0-47a7-a92d-1123df0793c6": {
    "asset": 1729244910000,
    "meta": 1729273794149,
    "relativePath": "resources/images/flower/img_flower_16.png"
  },
  "4197ce0d-0569-4185-8b24-7c90d750b011": {
    "asset": 1729244910000,
    "meta": 1729273794168,
    "relativePath": "resources/images/flower/img_flower_15.png"
  },
  "895de489-404a-446f-aabb-b9ae2be20a7f": {
    "asset": 1729244910000,
    "meta": 1729273794319,
    "relativePath": "resources/images/flower/img_flower_17.png"
  },
  "9b913714-fe5a-4104-be7b-f4395b83a709": {
    "asset": 1729244910000,
    "meta": 1729273794324,
    "relativePath": "resources/images/flower/img_flower_12.png"
  },
  "95fcbb2b-8272-470d-823d-eeb20ce81b1f": {
    "asset": 1729244872000,
    "meta": 1729273794329,
    "relativePath": "resources/images/flower/img_flower_2.png"
  },
  "f1bf2c49-b154-4fdd-9cf7-f93cab0e9a81": {
    "asset": 1729244872000,
    "meta": 1729273794333,
    "relativePath": "resources/images/flower/img_flower_3.png"
  },
  "86e53ad2-2fdb-4833-b6ec-69011f349c8c": {
    "asset": 1729244910000,
    "meta": 1729273794391,
    "relativePath": "resources/images/flower/img_flower_18.png"
  },
  "253f1333-70bd-4fe8-a8be-4757afcd7939": {
    "asset": 1729244872000,
    "meta": 1729273794447,
    "relativePath": "resources/images/flower/img_flower_4.png"
  },
  "1e20e05a-c451-48e0-9dc4-a18f68da6263": {
    "asset": 1729244872000,
    "meta": 1729273794451,
    "relativePath": "resources/images/flower/img_flower_5.png"
  },
  "a95a6201-47b3-45c2-a5fb-ff40df0b086b": {
    "asset": 1729244872000,
    "meta": 1729273794467,
    "relativePath": "resources/images/flower/img_flower_7.png"
  },
  "1eabf8a4-fc0c-4d45-8bf5-05355776113e": {
    "asset": 1729244872000,
    "meta": 1729273794470,
    "relativePath": "resources/images/flower/img_flower_6.png"
  },
  "31ba4e4a-e8b2-4190-b259-d4362c9fb23d": {
    "asset": 1729244872000,
    "meta": 1729273794471,
    "relativePath": "resources/images/flower/img_flower_8.png"
  },
  "b2239d75-dc90-4158-a62d-fbacfde6486e": {
    "asset": 1729244910000,
    "meta": 1729273794484,
    "relativePath": "resources/images/flower/img_flower_19.png"
  },
  "81ff5df0-416f-4310-a535-12f0ac8dfa72": {
    "asset": 1729244872000,
    "meta": 1729273794486,
    "relativePath": "resources/images/flower/img_flower_9.png"
  },
  "5196fe8d-138a-40aa-bc21-c34c6e23422c": {
    "asset": 1729244910000,
    "meta": 1729273794489,
    "relativePath": "resources/images/flower/img_flower_20.png"
  },
  "f4e56cf2-32a4-463a-86d0-9752332a88e6": {
    "asset": 1729274533376,
    "meta": 1729274533383,
    "relativePath": "resources/prefab/flowerEditor/Flower.prefab"
  },
  "b9dce480-000c-4a48-9fbb-c382ef3c9798": {
    "asset": 1729277044851,
    "meta": 1729277044856,
    "relativePath": "resources/prefab/flowerEditor/Layer.prefab"
  },
  "b9091023-9c1f-478f-aeda-1b19b855aab9": {
    "asset": 1729496866118,
    "meta": 1729497436877,
    "relativePath": "script/merge/dataModule/PlayerModule.ts"
  },
  "8c507ee1-43c7-4eb5-962b-cd720a609427": {
    "asset": 1729499680292,
    "meta": 1729499726964,
    "relativePath": "resources/images/flower/img_del.png"
  },
  "b316e7fd-eee2-49ac-bb63-8f5fba9fe95c": {
    "asset": 1729500494605,
    "meta": 1729500511821,
    "relativePath": "script/merge/manager/Define.ts"
  },
  "0b205088-542d-41e5-b0ff-0a2190e22e84": {
    "asset": 1729511560141,
    "meta": 1729511763858,
    "relativePath": "script/merge/flowerEditor/Layer.ts"
  },
  "6f52c78f-074f-4882-bbd2-2165e68d631b": {
    "asset": 1729512659600,
    "meta": 1729512674722,
    "relativePath": "script/merge/flowerEditor/FlowerEditorScene.ts"
  },
  "0d8e8d74-8c79-4de5-9b61-e972f2f4140c": {
    "asset": 1729513204528,
    "meta": 1729513208132,
    "relativePath": "script/merge/flowerEditor/Flower.ts"
  },
  "3827467a-b00f-4b20-a481-59ed31b12ce2": {
    "asset": 1729513573040,
    "meta": 1729513580394,
    "relativePath": "script/merge/dataModule/EditorModule.ts"
  }
}