{
  "title": "mergeZyx",
  "packageName": "org.cocos2d.demo",
  "startScene": "6864309e-a883-4fbb-af0b-296d2279eef3",
  "excludeScenes": [],
  "orientation": {
    "landscapeRight": false,
    "landscapeLeft": false,
    "portrait": true,
    "upsideDown": true
  },
  "webOrientation": "auto",
  "inlineSpriteFrames": false,
  "inlineSpriteFrames_native": true,
  "mainCompressionType": "default",
  "mainIsRemote": true,
  "optimizeHotUpdate": false,
  "md5Cache": false,
  "nativeMd5Cache": true,
  "encryptJs": true,
  "xxteaKey": "18a3da4d-dc1b-32",
  "zipCompressJs": true,
  "fb-instant-games": {},
  "android": {
    "packageName": "org.ball.com",
    "REMOTE_SERVER_ROOT": ""
  },
  "ios": {
    "packageName": "org.ball.com",
    "REMOTE_SERVER_ROOT": "",
    "ios_enable_jit": true
  },
  "mac": {
    "packageName": "org.cocos2d.chip",
    "REMOTE_SERVER_ROOT": "",
    "width": 750,
    "height": 1334
  },
  "win32": {
    "REMOTE_SERVER_ROOT": "",
    "width": 1280,
    "height": 720
  },
  "android-instant": {
    "packageName": "org.cocos2d.demo",
    "REMOTE_SERVER_ROOT": "",
    "pathPattern": "",
    "scheme": "https",
    "host": "",
    "skipRecord": false,
    "recordPath": ""
  },
  "appBundle": false,
  "agreements": {},
  "includeAnySDK": false
}
